ID,raw_event_ID,game_ID,half,start_time,end_time,player_ID,team_ID,action,successful,pos_x,pos_y
KEY-20190413CHINC-0,RAW-20190413CHINC-7,20190413CHINC,1,0:20,0:40,163,CHI,recovery,\N,30.6,26.4
KEY-20190413CHINC-1,RAW-20190413CHINC-13,20190413CHINC,1,0:22,0:42,254,NC,challenge,1,58.7,47.5
KEY-20190413CHINC-2,RAW-20190413CHINC-14,20190413CHINC,1,0:22,0:42,34,CHI,challenge,0,46.3,20.5
KEY-20190413CHINC-3,RAW-20190413CHINC-22,20190413CHINC,1,0:26,0:46,117,CHI,recovery,\N,56.0,30.4
KEY-20190413CHINC-4,RAW-20190413CHINC-39,20190413CHINC,1,1:02,1:22,80,CHI,recovery,\N,31.0,12.3
KEY-20190413CHINC-5,RAW-20190413CHINC-45,20190413CHINC,1,1:10,1:30,125,NC,recovery,\N,14.3,34.8
KEY-20190413CHINC-6,RAW-20190413CHINC-50,20190413CHINC,1,1:19,1:39,45,CHI,recovery,\N,37.9,58.3
KEY-20190413CHINC-7,RAW-20190413CHINC-60,20190413CHINC,1,1:35,1:55,54,NC,challenge,0,64.4,8.0
KEY-20190413CHINC-8,RAW-20190413CHINC-61,20190413CHINC,1,1:35,1:55,222,CHI,challenge,1,40.6,60.0
KEY-20190413CHINC-9,RAW-20190413CHINC-63,20190413CHINC,1,1:35,1:55,161,CHI,recovery,\N,44.8,61.5
KEY-20190413CHINC-10,RAW-20190413CHINC-70,20190413CHINC,1,1:44,2:04,244,NC,recovery,\N,65.8,63.0
KEY-20190413CHINC-11,RAW-20190413CHINC-75,20190413CHINC,1,1:47,2:07,254,NC,dribble,1,58.9,51.6
KEY-20190413CHINC-12,RAW-20190413CHINC-86,20190413CHINC,1,1:58,2:18,140,NC,dribble,1,73.4,4.4
KEY-20190413CHINC-13,RAW-20190413CHINC-93,20190413CHINC,1,2:02,2:22,146,NC,challenge,0,97.9,33.4
KEY-20190413CHINC-14,RAW-20190413CHINC-98,20190413CHINC,1,2:02,2:22,163,CHI,challenge,1,7.1,34.6
KEY-20190413CHINC-15,RAW-20190413CHINC-114,20190413CHINC,1,2:42,3:02,54,NC,recovery,\N,76.8,31.5
KEY-20190413CHINC-16,RAW-20190413CHINC-125,20190413CHINC,1,2:48,3:08,254,NC,challenge,1,69.4,41.5
KEY-20190413CHINC-17,RAW-20190413CHINC-126,20190413CHINC,1,2:48,3:08,117,CHI,challenge,0,35.6,26.5
KEY-20190413CHINC-18,RAW-20190413CHINC-138,20190413CHINC,1,2:53,3:13,45,CHI,challenge,0,14.3,35.7
KEY-20190413CHINC-19,RAW-20190413CHINC-139,20190413CHINC,1,2:53,3:13,146,NC,challenge,1,90.7,32.3
KEY-20190413CHINC-20,RAW-20190413CHINC-152,20190413CHINC,1,3:24,3:44,65,CHI,challenge,0,45.8,24.2
KEY-20190413CHINC-21,RAW-20190413CHINC-153,20190413CHINC,1,3:24,3:44,254,NC,challenge,1,59.2,43.8
KEY-20190413CHINC-22,RAW-20190413CHINC-163,20190413CHINC,1,3:58,4:18,65,CHI,challenge,1,11.7,26.5
KEY-20190413CHINC-23,RAW-20190413CHINC-167,20190413CHINC,1,3:58,4:18,152,NC,challenge,0,93.3,41.5
KEY-20190413CHINC-24,RAW-20190413CHINC-170,20190413CHINC,1,4:00,4:20,161,CHI,recovery,\N,26.8,37.0
KEY-20190413CHINC-25,RAW-20190413CHINC-175,20190413CHINC,1,4:03,4:23,254,NC,take_on,1,76.9,33.0
KEY-20190413CHINC-26,RAW-20190413CHINC-176,20190413CHINC,1,4:03,4:23,161,CHI,challenge,0,28.1,35.0
KEY-20190413CHINC-27,RAW-20190413CHINC-177,20190413CHINC,1,4:03,4:23,161,CHI,tackle,0,28.1,35.0
KEY-20190413CHINC-28,RAW-20190413CHINC-184,20190413CHINC,1,4:09,4:29,160,CHI,recovery,\N,1.6,50.9
KEY-20190413CHINC-29,RAW-20190413CHINC-190,20190413CHINC,1,4:32,4:52,152,NC,challenge,0,43.3,43.7
KEY-20190413CHINC-30,RAW-20190413CHINC-191,20190413CHINC,1,4:32,4:52,117,CHI,challenge,1,61.7,24.3
KEY-20190413CHINC-31,RAW-20190413CHINC-192,20190413CHINC,1,4:33,4:53,161,CHI,recovery,\N,67.2,28.7
KEY-20190413CHINC-32,RAW-20190413CHINC-201,20190413CHINC,1,4:35,4:55,152,NC,recovery,\N,42.7,47.8
KEY-20190413CHINC-33,RAW-20190413CHINC-212,20190413CHINC,1,5:03,5:23,65,CHI,challenge,1,27.8,11.1
KEY-20190413CHINC-34,RAW-20190413CHINC-214,20190413CHINC,1,5:03,5:23,146,NC,challenge,0,77.2,56.9
KEY-20190413CHINC-35,RAW-20190413CHINC-216,20190413CHINC,1,5:03,5:23,65,CHI,tackle,1,27.8,11.1
KEY-20190413CHINC-36,RAW-20190413CHINC-217,20190413CHINC,1,5:04,5:24,142,CHI,recovery,\N,27.8,8.6
KEY-20190413CHINC-37,RAW-20190413CHINC-231,20190413CHINC,1,5:11,5:31,65,CHI,dribble,1,33.2,18.8
KEY-20190413CHINC-38,RAW-20190413CHINC-234,20190413CHINC,1,5:12,5:32,54,NC,challenge,0,72.3,44.8
KEY-20190413CHINC-39,RAW-20190413CHINC-235,20190413CHINC,1,5:12,5:32,65,CHI,take_on,1,32.7,23.2
KEY-20190413CHINC-40,RAW-20190413CHINC-236,20190413CHINC,1,5:12,5:32,54,NC,tackle,0,72.3,44.8
KEY-20190413CHINC-41,RAW-20190413CHINC-243,20190413CHINC,1,5:16,5:36,34,CHI,challenge,1,57.4,16.4
KEY-20190413CHINC-42,RAW-20190413CHINC-244,20190413CHINC,1,5:16,5:36,34,CHI,tackle,1,57.4,16.4
KEY-20190413CHINC-43,RAW-20190413CHINC-245,20190413CHINC,1,5:16,5:36,92,NC,challenge,0,47.6,51.6
KEY-20190413CHINC-44,RAW-20190413CHINC-247,20190413CHINC,1,5:19,5:39,42,NC,recovery,\N,31.0,38.8
KEY-20190413CHINC-45,RAW-20190413CHINC-260,20190413CHINC,1,5:28,5:48,142,CHI,recovery,\N,49.2,15.1
KEY-20190413CHINC-46,RAW-20190413CHINC-282,20190413CHINC,1,5:52,6:12,152,NC,dribble,1,50.0,57.2
KEY-20190413CHINC-47,RAW-20190413CHINC-296,20190413CHINC,1,6:02,6:22,80,CHI,recovery,\N,11.8,9.5
KEY-20190413CHINC-48,RAW-20190413CHINC-301,20190413CHINC,1,6:19,6:39,142,CHI,challenge,0,13.7,6.8
KEY-20190413CHINC-49,RAW-20190413CHINC-302,20190413CHINC,1,6:19,6:39,142,CHI,tackle,0,13.7,6.8
KEY-20190413CHINC-50,RAW-20190413CHINC-303,20190413CHINC,1,6:19,6:39,92,NC,take_on,1,91.3,61.2
KEY-20190413CHINC-51,RAW-20190413CHINC-314,20190413CHINC,1,6:22,6:42,80,CHI,recovery,\N,12.5,10.2
KEY-20190413CHINC-52,RAW-20190413CHINC-318,20190413CHINC,1,6:25,6:45,64,NC,challenge,0,68.5,52.9
KEY-20190413CHINC-53,RAW-20190413CHINC-319,20190413CHINC,1,6:25,6:45,117,CHI,challenge,1,36.5,15.1
KEY-20190413CHINC-54,RAW-20190413CHINC-325,20190413CHINC,1,6:26,6:46,254,NC,recovery,\N,65.6,46.0
KEY-20190413CHINC-55,RAW-20190413CHINC-334,20190413CHINC,1,6:35,6:55,254,NC,take_on,0,71.7,26.4
KEY-20190413CHINC-56,RAW-20190413CHINC-335,20190413CHINC,1,6:35,6:55,161,CHI,tackle,1,33.3,41.6
KEY-20190413CHINC-57,RAW-20190413CHINC-336,20190413CHINC,1,6:35,6:55,161,CHI,challenge,1,33.3,41.6
KEY-20190413CHINC-58,RAW-20190413CHINC-337,20190413CHINC,1,6:35,6:55,254,NC,challenge,0,71.7,26.4
KEY-20190413CHINC-59,RAW-20190413CHINC-340,20190413CHINC,1,6:37,6:57,222,CHI,recovery,\N,29.3,41.6
KEY-20190413CHINC-60,RAW-20190413CHINC-345,20190413CHINC,1,6:38,6:58,169,NC,recovery,\N,76.4,26.4
KEY-20190413CHINC-61,RAW-20190413CHINC-364,20190413CHINC,1,7:13,7:33,34,CHI,recovery,\N,28.7,16.0
KEY-20190413CHINC-62,RAW-20190413CHINC-389,20190413CHINC,1,7:42,8:02,65,CHI,recovery,\N,36.4,17.4
KEY-20190413CHINC-63,RAW-20190413CHINC-394,20190413CHINC,1,7:49,8:09,64,NC,recovery,\N,20.2,64.5
KEY-20190413CHINC-64,RAW-20190413CHINC-413,20190413CHINC,1,8:05,8:25,163,CHI,recovery,\N,27.0,26.0
KEY-20190413CHINC-65,RAW-20190413CHINC-422,20190413CHINC,1,8:18,8:38,146,NC,challenge,0,70.3,60.0
KEY-20190413CHINC-66,RAW-20190413CHINC-423,20190413CHINC,1,8:18,8:38,80,CHI,tackle,1,34.7,8.0
KEY-20190413CHINC-67,RAW-20190413CHINC-424,20190413CHINC,1,8:18,8:38,146,NC,take_on,0,70.3,60.0
KEY-20190413CHINC-68,RAW-20190413CHINC-425,20190413CHINC,1,8:18,8:38,80,CHI,challenge,1,34.7,8.0
KEY-20190413CHINC-69,RAW-20190413CHINC-429,20190413CHINC,1,8:21,8:41,163,CHI,recovery,\N,17.6,10.9
KEY-20190413CHINC-70,RAW-20190413CHINC-447,20190413CHINC,1,8:38,8:58,244,NC,challenge,1,76.9,7.6
KEY-20190413CHINC-71,RAW-20190413CHINC-448,20190413CHINC,1,8:38,8:58,45,CHI,challenge,0,28.1,60.4
KEY-20190413CHINC-72,RAW-20190413CHINC-451,20190413CHINC,1,8:42,9:02,45,CHI,challenge,1,24.4,63.7
KEY-20190413CHINC-73,RAW-20190413CHINC-452,20190413CHINC,1,8:42,9:02,244,NC,challenge,0,80.6,4.3
KEY-20190413CHINC-74,RAW-20190413CHINC-453,20190413CHINC,1,8:42,9:02,45,CHI,tackle,1,24.4,63.7
KEY-20190413CHINC-75,RAW-20190413CHINC-473,20190413CHINC,1,10:09,10:29,54,NC,recovery,\N,83.9,26.7
KEY-20190413CHINC-76,RAW-20190413CHINC-476,20190413CHINC,1,10:10,10:30,160,CHI,save,\N,19.0,41.0
KEY-20190413CHINC-77,RAW-20190413CHINC-480,20190413CHINC,1,10:34,10:54,92,NC,challenge,1,43.4,51.1
KEY-20190413CHINC-78,RAW-20190413CHINC-482,20190413CHINC,1,10:34,10:54,142,CHI,challenge,0,61.6,16.9
KEY-20190413CHINC-79,RAW-20190413CHINC-485,20190413CHINC,1,10:35,10:55,34,CHI,challenge,0,56.3,13.8
KEY-20190413CHINC-80,RAW-20190413CHINC-487,20190413CHINC,1,10:35,10:55,254,NC,challenge,1,48.7,54.2
KEY-20190413CHINC-81,RAW-20190413CHINC-490,20190413CHINC,1,10:37,10:57,169,NC,challenge,0,58.5,59.3
KEY-20190413CHINC-82,RAW-20190413CHINC-492,20190413CHINC,1,10:37,10:57,65,CHI,challenge,1,46.5,8.7
KEY-20190413CHINC-83,RAW-20190413CHINC-496,20190413CHINC,1,10:45,11:05,42,NC,recovery,\N,27.3,45.2
KEY-20190413CHINC-84,RAW-20190413CHINC-513,20190413CHINC,1,11:15,11:35,254,NC,tackle,0,34.8,61.8
KEY-20190413CHINC-85,RAW-20190413CHINC-514,20190413CHINC,1,11:15,11:35,254,NC,challenge,0,34.8,61.8
KEY-20190413CHINC-86,RAW-20190413CHINC-515,20190413CHINC,1,11:15,11:35,142,CHI,take_on,1,70.2,6.2
KEY-20190413CHINC-87,RAW-20190413CHINC-519,20190413CHINC,1,11:17,11:37,92,NC,recovery,\N,21.9,63.2
KEY-20190413CHINC-88,RAW-20190413CHINC-522,20190413CHINC,1,11:20,11:40,254,NC,challenge,0,33.6,58.5
KEY-20190413CHINC-89,RAW-20190413CHINC-523,20190413CHINC,1,11:20,11:40,254,NC,take_on,0,33.6,58.5
KEY-20190413CHINC-90,RAW-20190413CHINC-524,20190413CHINC,1,11:20,11:40,142,CHI,tackle,1,71.4,9.5
KEY-20190413CHINC-91,RAW-20190413CHINC-525,20190413CHINC,1,11:20,11:40,142,CHI,challenge,1,71.4,9.5
KEY-20190413CHINC-92,RAW-20190413CHINC-531,20190413CHINC,1,11:35,11:55,146,NC,challenge,0,66.4,50.3
KEY-20190413CHINC-93,RAW-20190413CHINC-532,20190413CHINC,1,11:35,11:55,163,CHI,challenge,1,38.6,17.7
KEY-20190413CHINC-94,RAW-20190413CHINC-537,20190413CHINC,1,11:37,11:57,117,CHI,challenge,0,68.4,13.8
KEY-20190413CHINC-95,RAW-20190413CHINC-538,20190413CHINC,1,11:37,11:57,92,NC,challenge,1,36.6,54.2
KEY-20190413CHINC-96,RAW-20190413CHINC-548,20190413CHINC,1,11:48,12:08,140,NC,take_on,0,40.7,21.8
KEY-20190413CHINC-97,RAW-20190413CHINC-550,20190413CHINC,1,11:48,12:08,247,CHI,challenge,1,64.3,46.2
KEY-20190413CHINC-98,RAW-20190413CHINC-551,20190413CHINC,1,11:48,12:08,140,NC,challenge,0,40.7,21.8
KEY-20190413CHINC-99,RAW-20190413CHINC-552,20190413CHINC,1,11:48,12:08,247,CHI,tackle,1,64.3,46.2
KEY-20190413CHINC-100,RAW-20190413CHINC-557,20190413CHINC,1,11:52,12:12,64,NC,challenge,1,29.0,32.8
KEY-20190413CHINC-101,RAW-20190413CHINC-559,20190413CHINC,1,11:52,12:12,117,CHI,challenge,0,76.0,35.2
KEY-20190413CHINC-102,RAW-20190413CHINC-560,20190413CHINC,1,11:52,12:12,64,NC,tackle,1,29.0,32.8
KEY-20190413CHINC-103,RAW-20190413CHINC-562,20190413CHINC,1,11:52,12:12,152,NC,recovery,\N,35.4,32.2
KEY-20190413CHINC-104,RAW-20190413CHINC-576,20190413CHINC,1,12:05,12:25,222,CHI,challenge,0,49.2,24.6
KEY-20190413CHINC-105,RAW-20190413CHINC-577,20190413CHINC,1,12:05,12:25,222,CHI,tackle,0,49.2,24.6
KEY-20190413CHINC-106,RAW-20190413CHINC-578,20190413CHINC,1,12:05,12:25,254,NC,take_on,1,55.8,43.4
KEY-20190413CHINC-107,RAW-20190413CHINC-581,20190413CHINC,1,12:06,12:26,161,CHI,recovery,\N,56.0,28.6
KEY-20190413CHINC-108,RAW-20190413CHINC-583,20190413CHINC,1,12:08,12:28,254,NC,foul,\N,49.3,38.6
KEY-20190413CHINC-109,RAW-20190413CHINC-595,20190413CHINC,1,12:43,13:03,65,CHI,challenge,1,90.0,39.4
KEY-20190413CHINC-110,RAW-20190413CHINC-598,20190413CHINC,1,12:43,13:03,42,NC,challenge,0,15.0,28.6
KEY-20190413CHINC-111,RAW-20190413CHINC-603,20190413CHINC,1,12:44,13:04,64,NC,recovery,\N,10.8,30.0
KEY-20190413CHINC-112,RAW-20190413CHINC-605,20190413CHINC,1,12:47,13:07,247,CHI,recovery,\N,70.7,52.8
KEY-20190413CHINC-113,RAW-20190413CHINC-610,20190413CHINC,1,12:53,13:13,244,NC,challenge,1,40.6,10.9
KEY-20190413CHINC-114,RAW-20190413CHINC-611,20190413CHINC,1,12:53,13:13,163,CHI,challenge,0,64.4,57.1
KEY-20190413CHINC-115,RAW-20190413CHINC-612,20190413CHINC,1,12:53,13:13,244,NC,tackle,1,40.6,10.9
KEY-20190413CHINC-116,RAW-20190413CHINC-634,20190413CHINC,1,13:23,13:43,140,NC,recovery,\N,24.3,6.4
KEY-20190413CHINC-117,RAW-20190413CHINC-659,20190413CHINC,1,13:53,14:13,146,NC,dribble,1,80.8,6.2
KEY-20190413CHINC-118,RAW-20190413CHINC-664,20190413CHINC,1,14:00,14:20,34,CHI,recovery,\N,19.2,19.1
KEY-20190413CHINC-119,RAW-20190413CHINC-666,20190413CHINC,1,14:01,14:21,34,CHI,dribble,1,23.2,17.0
KEY-20190413CHINC-120,RAW-20190413CHINC-693,20190413CHINC,1,14:30,14:50,140,NC,dribble,1,92.3,4.8
KEY-20190413CHINC-121,RAW-20190413CHINC-712,20190413CHINC,1,15:04,15:24,244,NC,recovery,\N,100.0,29.6
KEY-20190413CHINC-122,RAW-20190413CHINC-721,20190413CHINC,1,15:06,15:26,169,NC,recovery,\N,87.2,34.8
KEY-20190413CHINC-123,RAW-20190413CHINC-728,20190413CHINC,1,15:08,15:28,140,NC,recovery,\N,78.9,24.6
KEY-20190413CHINC-124,RAW-20190413CHINC-733,20190413CHINC,1,15:11,15:31,45,CHI,challenge,0,12.9,36.5
KEY-20190413CHINC-125,RAW-20190413CHINC-734,20190413CHINC,1,15:11,15:31,254,NC,challenge,1,92.1,31.5
KEY-20190413CHINC-126,RAW-20190413CHINC-746,20190413CHINC,1,15:51,16:11,163,CHI,challenge,1,12.2,10.0
KEY-20190413CHINC-127,RAW-20190413CHINC-747,20190413CHINC,1,15:51,16:11,146,NC,challenge,0,92.8,58.0
KEY-20190413CHINC-128,RAW-20190413CHINC-753,20190413CHINC,1,16:16,16:36,65,CHI,challenge,1,9.1,24.3
KEY-20190413CHINC-129,RAW-20190413CHINC-757,20190413CHINC,1,16:16,16:36,244,NC,challenge,0,95.9,43.7
KEY-20190413CHINC-130,RAW-20190413CHINC-759,20190413CHINC,1,16:19,16:39,34,CHI,recovery,\N,27.3,11.9
KEY-20190413CHINC-131,RAW-20190413CHINC-763,20190413CHINC,1,16:21,16:41,92,NC,recovery,\N,71.4,57.6
KEY-20190413CHINC-132,RAW-20190413CHINC-782,20190413CHINC,1,16:43,17:03,140,NC,dribble,1,58.3,5.3
KEY-20190413CHINC-133,RAW-20190413CHINC-789,20190413CHINC,1,16:47,17:07,140,NC,recovery,\N,68.8,10.4
KEY-20190413CHINC-134,RAW-20190413CHINC-792,20190413CHINC,1,16:48,17:08,247,CHI,tackle,1,36.6,56.2
KEY-20190413CHINC-135,RAW-20190413CHINC-793,20190413CHINC,1,16:48,17:08,140,NC,challenge,0,68.4,11.8
KEY-20190413CHINC-136,RAW-20190413CHINC-794,20190413CHINC,1,16:48,17:08,247,CHI,challenge,1,36.6,56.2
KEY-20190413CHINC-137,RAW-20190413CHINC-795,20190413CHINC,1,16:49,17:09,140,NC,foul,\N,67.3,12.5
KEY-20190413CHINC-138,RAW-20190413CHINC-805,20190413CHINC,1,17:22,17:42,92,NC,recovery,\N,11.9,49.3
KEY-20190413CHINC-139,RAW-20190413CHINC-810,20190413CHINC,1,17:33,17:53,54,NC,dribble,1,69.0,59.9
KEY-20190413CHINC-140,RAW-20190413CHINC-831,20190413CHINC,1,17:50,18:10,169,NC,recovery,\N,86.1,25.4
KEY-20190413CHINC-141,RAW-20190413CHINC-839,20190413CHINC,1,17:56,18:16,80,CHI,recovery,\N,5.5,16.9
KEY-20190413CHINC-142,RAW-20190413CHINC-855,20190413CHINC,1,18:17,18:37,54,NC,foul,\N,96.9,55.9
KEY-20190413CHINC-143,RAW-20190413CHINC-860,20190413CHINC,1,18:45,19:05,142,CHI,challenge,0,49.5,15.3
KEY-20190413CHINC-144,RAW-20190413CHINC-861,20190413CHINC,1,18:45,19:05,152,NC,challenge,1,55.5,52.7
KEY-20190413CHINC-145,RAW-20190413CHINC-868,20190413CHINC,1,18:47,19:07,80,CHI,recovery,\N,28.1,20.4
KEY-20190413CHINC-146,RAW-20190413CHINC-873,20190413CHINC,1,18:48,19:08,152,NC,recovery,\N,69.2,49.2
KEY-20190413CHINC-147,RAW-20190413CHINC-875,20190413CHINC,1,18:48,19:08,152,NC,dribble,1,69.2,49.2
KEY-20190413CHINC-148,RAW-20190413CHINC-879,20190413CHINC,1,18:58,19:18,54,NC,dribble,1,79.9,57.2
KEY-20190413CHINC-149,RAW-20190413CHINC-882,20190413CHINC,1,18:59,19:19,142,CHI,challenge,0,16.1,9.8
KEY-20190413CHINC-150,RAW-20190413CHINC-883,20190413CHINC,1,18:59,19:19,142,CHI,tackle,0,16.1,9.8
KEY-20190413CHINC-151,RAW-20190413CHINC-884,20190413CHINC,1,18:59,19:19,54,NC,take_on,1,88.9,58.2
KEY-20190413CHINC-152,RAW-20190413CHINC-892,20190413CHINC,1,19:03,19:23,160,CHI,challenge,1,3.2,29.5
KEY-20190413CHINC-153,RAW-20190413CHINC-894,20190413CHINC,1,19:03,19:23,146,NC,challenge,0,101.8,38.5
KEY-20190413CHINC-154,RAW-20190413CHINC-897,20190413CHINC,1,19:05,19:25,163,CHI,recovery,\N,3.7,22.2
KEY-20190413CHINC-155,RAW-20190413CHINC-903,20190413CHINC,1,19:08,19:28,254,NC,recovery,\N,71.9,45.4
KEY-20190413CHINC-156,RAW-20190413CHINC-906,20190413CHINC,1,19:09,19:29,117,CHI,challenge,1,33.9,15.5
KEY-20190413CHINC-157,RAW-20190413CHINC-907,20190413CHINC,1,19:09,19:29,92,NC,challenge,0,71.1,52.5
KEY-20190413CHINC-158,RAW-20190413CHINC-908,20190413CHINC,1,19:13,19:33,161,CHI,recovery,\N,36.4,8.0
KEY-20190413CHINC-159,RAW-20190413CHINC-927,20190413CHINC,1,19:35,19:55,140,NC,dribble,1,61.2,7.9
KEY-20190413CHINC-160,RAW-20190413CHINC-929,20190413CHINC,1,19:38,19:58,222,CHI,challenge,1,43.7,61.8
KEY-20190413CHINC-161,RAW-20190413CHINC-931,20190413CHINC,1,19:38,19:58,140,NC,challenge,0,61.3,6.2
KEY-20190413CHINC-162,RAW-20190413CHINC-932,20190413CHINC,1,19:38,19:58,222,CHI,tackle,1,43.7,61.8
KEY-20190413CHINC-163,RAW-20190413CHINC-933,20190413CHINC,1,19:38,19:58,140,NC,take_on,0,61.3,6.2
KEY-20190413CHINC-164,RAW-20190413CHINC-953,20190413CHINC,1,20:10,20:30,244,NC,challenge,0,94.5,29.8
KEY-20190413CHINC-165,RAW-20190413CHINC-954,20190413CHINC,1,20:10,20:30,80,CHI,challenge,1,10.5,38.2
KEY-20190413CHINC-166,RAW-20190413CHINC-960,20190413CHINC,1,20:13,20:33,160,CHI,recovery,\N,2.6,35.4
KEY-20190413CHINC-167,RAW-20190413CHINC-968,20190413CHINC,1,20:26,20:46,64,NC,recovery,\N,27.4,25.4
KEY-20190413CHINC-168,RAW-20190413CHINC-979,20190413CHINC,1,20:36,20:56,92,NC,challenge,1,40.0,57.6
KEY-20190413CHINC-169,RAW-20190413CHINC-980,20190413CHINC,1,20:36,20:56,142,CHI,challenge,0,65.0,10.4
KEY-20190413CHINC-170,RAW-20190413CHINC-985,20190413CHINC,1,20:40,21:00,163,CHI,challenge,1,32.3,25.0
KEY-20190413CHINC-171,RAW-20190413CHINC-987,20190413CHINC,1,20:40,21:00,163,CHI,tackle,1,32.3,25.0
KEY-20190413CHINC-172,RAW-20190413CHINC-989,20190413CHINC,1,20:40,21:00,244,NC,challenge,0,72.7,43.0
KEY-20190413CHINC-173,RAW-20190413CHINC-990,20190413CHINC,1,20:42,21:02,34,CHI,recovery,\N,35.7,28.8
KEY-20190413CHINC-174,RAW-20190413CHINC-994,20190413CHINC,1,20:47,21:07,64,NC,recovery,\N,36.5,52.0
KEY-20190413CHINC-175,RAW-20190413CHINC-1017,20190413CHINC,1,21:16,21:36,45,CHI,challenge,0,9.6,62.1
KEY-20190413CHINC-176,RAW-20190413CHINC-1018,20190413CHINC,1,21:16,21:36,45,CHI,tackle,0,9.6,62.1
KEY-20190413CHINC-177,RAW-20190413CHINC-1019,20190413CHINC,1,21:16,21:36,146,NC,take_on,1,95.4,5.9
KEY-20190413CHINC-178,RAW-20190413CHINC-1020,20190413CHINC,1,21:18,21:38,45,CHI,foul,\N,6.2,62.8
KEY-20190413CHINC-179,RAW-20190413CHINC-1030,20190413CHINC,1,22:34,22:54,161,CHI,challenge,1,22.3,42.7
KEY-20190413CHINC-180,RAW-20190413CHINC-1031,20190413CHINC,1,22:34,22:54,64,NC,challenge,0,82.7,25.3
KEY-20190413CHINC-181,RAW-20190413CHINC-1033,20190413CHINC,1,22:35,22:55,34,CHI,recovery,\N,17.7,38.5
KEY-20190413CHINC-182,RAW-20190413CHINC-1034,20190413CHINC,1,22:36,22:56,161,CHI,challenge,0,31.1,39.3
KEY-20190413CHINC-183,RAW-20190413CHINC-1035,20190413CHINC,1,22:36,22:56,254,NC,challenge,1,73.9,28.7
KEY-20190413CHINC-184,RAW-20190413CHINC-1037,20190413CHINC,1,22:36,22:56,254,NC,tackle,1,73.9,28.7
KEY-20190413CHINC-185,RAW-20190413CHINC-1039,20190413CHINC,1,22:36,22:56,161,CHI,take_on,0,31.1,39.3
KEY-20190413CHINC-186,RAW-20190413CHINC-1042,20190413CHINC,1,22:40,23:00,42,NC,recovery,\N,63.1,25.4
KEY-20190413CHINC-187,RAW-20190413CHINC-1046,20190413CHINC,1,22:46,23:06,54,NC,dribble,1,72.4,50.2
KEY-20190413CHINC-188,RAW-20190413CHINC-1058,20190413CHINC,1,22:53,23:13,34,CHI,recovery,\N,23.8,27.8
KEY-20190413CHINC-189,RAW-20190413CHINC-1061,20190413CHINC,1,22:54,23:14,244,NC,recovery,\N,75.5,44.7
KEY-20190413CHINC-190,RAW-20190413CHINC-1080,20190413CHINC,1,23:17,23:37,65,CHI,dribble,1,39.0,19.5
KEY-20190413CHINC-191,RAW-20190413CHINC-1082,20190413CHINC,1,23:19,23:39,169,NC,challenge,0,68.5,42.1
KEY-20190413CHINC-192,RAW-20190413CHINC-1083,20190413CHINC,1,23:19,23:39,65,CHI,take_on,1,36.5,25.9
KEY-20190413CHINC-193,RAW-20190413CHINC-1084,20190413CHINC,1,23:19,23:39,169,NC,tackle,0,68.5,42.1
KEY-20190413CHINC-194,RAW-20190413CHINC-1104,20190413CHINC,1,23:46,24:06,254,NC,dribble,1,43.0,25.7
KEY-20190413CHINC-195,RAW-20190413CHINC-1117,20190413CHINC,1,23:58,24:18,222,CHI,foul,\N,34.4,60.3
KEY-20190413CHINC-196,RAW-20190413CHINC-1122,20190413CHINC,1,24:42,25:02,65,CHI,challenge,1,12.5,29.1
KEY-20190413CHINC-197,RAW-20190413CHINC-1125,20190413CHINC,1,24:42,25:02,64,NC,challenge,0,92.5,38.9
KEY-20190413CHINC-198,RAW-20190413CHINC-1131,20190413CHINC,1,24:44,25:04,169,NC,recovery,\N,85.7,35.0
KEY-20190413CHINC-199,RAW-20190413CHINC-1162,20190413CHINC,1,25:46,26:06,247,CHI,recovery,\N,32.8,62.0
KEY-20190413CHINC-200,RAW-20190413CHINC-1170,20190413CHINC,1,25:53,26:13,117,CHI,dribble,1,79.1,38.6
KEY-20190413CHINC-201,RAW-20190413CHINC-1173,20190413CHINC,1,25:54,26:14,125,NC,tackle,0,13.5,33.3
KEY-20190413CHINC-202,RAW-20190413CHINC-1174,20190413CHINC,1,25:54,26:14,125,NC,challenge,0,13.5,33.3
KEY-20190413CHINC-203,RAW-20190413CHINC-1175,20190413CHINC,1,25:54,26:14,117,CHI,take_on,1,91.5,34.7
KEY-20190413CHINC-204,RAW-20190413CHINC-1187,20190413CHINC,1,26:46,27:06,65,CHI,recovery,\N,2.0,6.3
KEY-20190413CHINC-205,RAW-20190413CHINC-1193,20190413CHINC,1,27:00,27:20,142,CHI,recovery,\N,12.9,12.1
KEY-20190413CHINC-206,RAW-20190413CHINC-1199,20190413CHINC,1,27:02,27:22,92,NC,recovery,\N,78.2,56.6
KEY-20190413CHINC-207,RAW-20190413CHINC-1202,20190413CHINC,1,27:03,27:23,54,NC,challenge,0,94.8,60.1
KEY-20190413CHINC-208,RAW-20190413CHINC-1203,20190413CHINC,1,27:03,27:23,142,CHI,tackle,1,10.2,7.9
KEY-20190413CHINC-209,RAW-20190413CHINC-1205,20190413CHINC,1,27:03,27:23,142,CHI,challenge,1,10.2,7.9
KEY-20190413CHINC-210,RAW-20190413CHINC-1219,20190413CHINC,1,27:36,27:56,64,NC,recovery,\N,8.8,62.1
KEY-20190413CHINC-211,RAW-20190413CHINC-1224,20190413CHINC,1,27:42,28:02,254,NC,recovery,\N,22.6,54.2
KEY-20190413CHINC-212,RAW-20190413CHINC-1238,20190413CHINC,1,27:53,28:13,247,CHI,recovery,\N,65.8,57.6
KEY-20190413CHINC-213,RAW-20190413CHINC-1269,20190413CHINC,1,28:21,28:41,160,CHI,recovery,\N,13.8,27.4
KEY-20190413CHINC-214,RAW-20190413CHINC-1282,20190413CHINC,1,28:35,28:55,92,NC,recovery,\N,38.6,49.9
KEY-20190413CHINC-215,RAW-20190413CHINC-1318,20190413CHINC,1,29:22,29:42,152,NC,dribble,1,62.9,23.2
KEY-20190413CHINC-216,RAW-20190413CHINC-1323,20190413CHINC,1,29:27,29:47,160,CHI,recovery,\N,3.7,32.3
KEY-20190413CHINC-217,RAW-20190413CHINC-1353,20190413CHINC,1,30:42,31:02,163,CHI,challenge,1,9.2,27.5
KEY-20190413CHINC-218,RAW-20190413CHINC-1354,20190413CHINC,1,30:42,31:02,152,NC,challenge,0,95.8,40.5
KEY-20190413CHINC-219,RAW-20190413CHINC-1358,20190413CHINC,1,30:44,31:04,161,CHI,recovery,\N,13.3,36.9
KEY-20190413CHINC-220,RAW-20190413CHINC-1364,20190413CHINC,1,30:46,31:06,54,NC,recovery,\N,87.5,36.8
KEY-20190413CHINC-221,RAW-20190413CHINC-1377,20190413CHINC,1,34:13,34:33,64,NC,recovery,\N,39.4,38.3
KEY-20190413CHINC-222,RAW-20190413CHINC-1383,20190413CHINC,1,34:18,34:38,140,NC,dribble,1,46.1,16.1
KEY-20190413CHINC-223,RAW-20190413CHINC-1393,20190413CHINC,1,34:49,35:09,247,CHI,challenge,0,42.4,42.7
KEY-20190413CHINC-224,RAW-20190413CHINC-1394,20190413CHINC,1,34:49,35:09,244,NC,challenge,1,62.6,25.3
KEY-20190413CHINC-225,RAW-20190413CHINC-1399,20190413CHINC,1,34:51,35:11,45,CHI,recovery,\N,36.0,41.7
KEY-20190413CHINC-226,RAW-20190413CHINC-1405,20190413CHINC,1,34:54,35:14,161,CHI,recovery,\N,47.8,61.7
KEY-20190413CHINC-227,RAW-20190413CHINC-1423,20190413CHINC,1,35:11,35:31,54,NC,dribble,1,74.3,58.3
KEY-20190413CHINC-228,RAW-20190413CHINC-1429,20190413CHINC,1,35:22,35:42,163,CHI,challenge,1,9.8,28.9
KEY-20190413CHINC-229,RAW-20190413CHINC-1432,20190413CHINC,1,35:22,35:42,146,NC,challenge,0,95.2,39.1
KEY-20190413CHINC-230,RAW-20190413CHINC-1436,20190413CHINC,1,35:24,35:44,65,CHI,recovery,\N,15.2,21.6
KEY-20190413CHINC-231,RAW-20190413CHINC-1456,20190413CHINC,1,35:46,36:06,92,NC,recovery,\N,24.9,41.3
KEY-20190413CHINC-232,RAW-20190413CHINC-1466,20190413CHINC,1,36:07,36:27,64,NC,recovery,\N,26.5,55.2
KEY-20190413CHINC-233,RAW-20190413CHINC-1470,20190413CHINC,1,36:13,36:33,45,CHI,recovery,\N,27.0,42.7
KEY-20190413CHINC-234,RAW-20190413CHINC-1479,20190413CHINC,1,36:20,36:40,64,NC,challenge,0,55.4,37.6
KEY-20190413CHINC-235,RAW-20190413CHINC-1480,20190413CHINC,1,36:20,36:40,117,CHI,challenge,1,49.6,30.4
KEY-20190413CHINC-236,RAW-20190413CHINC-1499,20190413CHINC,1,36:41,37:01,244,NC,take_on,0,39.9,9.1
KEY-20190413CHINC-237,RAW-20190413CHINC-1500,20190413CHINC,1,36:41,37:01,45,CHI,challenge,1,65.1,58.9
KEY-20190413CHINC-238,RAW-20190413CHINC-1501,20190413CHINC,1,36:41,37:01,244,NC,challenge,0,39.9,9.1
KEY-20190413CHINC-239,RAW-20190413CHINC-1502,20190413CHINC,1,36:41,37:01,45,CHI,tackle,1,65.1,58.9
KEY-20190413CHINC-240,RAW-20190413CHINC-1507,20190413CHINC,1,36:51,37:11,163,CHI,challenge,0,33.6,59.8
KEY-20190413CHINC-241,RAW-20190413CHINC-1508,20190413CHINC,1,36:51,37:11,146,NC,take_on,1,71.4,8.2
KEY-20190413CHINC-242,RAW-20190413CHINC-1509,20190413CHINC,1,36:51,37:11,163,CHI,tackle,0,33.6,59.8
KEY-20190413CHINC-243,RAW-20190413CHINC-1513,20190413CHINC,1,36:55,37:15,45,CHI,tackle,1,29.8,44.8
KEY-20190413CHINC-244,RAW-20190413CHINC-1515,20190413CHINC,1,36:55,37:15,169,NC,challenge,0,75.2,23.2
KEY-20190413CHINC-245,RAW-20190413CHINC-1516,20190413CHINC,1,36:55,37:15,45,CHI,challenge,1,29.8,44.8
KEY-20190413CHINC-246,RAW-20190413CHINC-1518,20190413CHINC,1,36:57,37:17,142,CHI,challenge,0,27.4,34.0
KEY-20190413CHINC-247,RAW-20190413CHINC-1519,20190413CHINC,1,36:57,37:17,54,NC,challenge,1,77.6,34.0
KEY-20190413CHINC-248,RAW-20190413CHINC-1521,20190413CHINC,1,36:57,37:17,142,CHI,foul,\N,28.1,35.5
KEY-20190413CHINC-249,RAW-20190413CHINC-1530,20190413CHINC,1,38:20,38:40,64,NC,challenge,0,94.8,20.9
KEY-20190413CHINC-250,RAW-20190413CHINC-1531,20190413CHINC,1,38:20,38:40,247,CHI,challenge,1,10.2,47.1
KEY-20190413CHINC-251,RAW-20190413CHINC-1546,20190413CHINC,1,38:49,39:09,163,CHI,challenge,0,4.6,30.0
KEY-20190413CHINC-252,RAW-20190413CHINC-1549,20190413CHINC,1,38:49,39:09,64,NC,challenge,1,100.4,38.0
KEY-20190413CHINC-253,RAW-20190413CHINC-1551,20190413CHINC,1,38:50,39:10,161,CHI,recovery,\N,6.8,34.8
KEY-20190413CHINC-254,RAW-20190413CHINC-1553,20190413CHINC,1,38:52,39:12,54,NC,challenge,0,90.2,43.7
KEY-20190413CHINC-255,RAW-20190413CHINC-1554,20190413CHINC,1,38:52,39:12,54,NC,tackle,0,90.2,43.7
KEY-20190413CHINC-256,RAW-20190413CHINC-1555,20190413CHINC,1,38:52,39:12,117,CHI,take_on,1,14.8,24.3
KEY-20190413CHINC-257,RAW-20190413CHINC-1556,20190413CHINC,1,38:52,39:12,54,NC,foul,\N,86.9,47.4
KEY-20190413CHINC-258,RAW-20190413CHINC-1563,20190413CHINC,1,39:21,39:41,152,NC,challenge,1,40.4,43.1
KEY-20190413CHINC-259,RAW-20190413CHINC-1564,20190413CHINC,1,39:21,39:41,161,CHI,challenge,0,64.6,24.9
KEY-20190413CHINC-260,RAW-20190413CHINC-1568,20190413CHINC,1,39:23,39:43,247,CHI,recovery,\N,53.3,34.0
KEY-20190413CHINC-261,RAW-20190413CHINC-1591,20190413CHINC,1,39:44,40:04,34,CHI,challenge,1,53.9,13.3
KEY-20190413CHINC-262,RAW-20190413CHINC-1594,20190413CHINC,1,39:44,40:04,254,NC,challenge,0,51.1,54.7
KEY-20190413CHINC-263,RAW-20190413CHINC-1600,20190413CHINC,1,39:48,40:08,92,NC,recovery,\N,30.8,53.8
KEY-20190413CHINC-264,RAW-20190413CHINC-1625,20190413CHINC,1,40:00,40:20,142,CHI,recovery,\N,63.1,19.9
KEY-20190413CHINC-265,RAW-20190413CHINC-1631,20190413CHINC,1,40:03,40:23,54,NC,recovery,\N,33.5,50.2
KEY-20190413CHINC-266,RAW-20190413CHINC-1635,20190413CHINC,1,40:06,40:26,146,NC,dribble,1,39.9,63.8
KEY-20190413CHINC-267,RAW-20190413CHINC-1638,20190413CHINC,1,40:09,40:29,34,CHI,tackle,0,58.1,8.5
KEY-20190413CHINC-268,RAW-20190413CHINC-1639,20190413CHINC,1,40:09,40:29,146,NC,take_on,1,46.9,59.5
KEY-20190413CHINC-269,RAW-20190413CHINC-1641,20190413CHINC,1,40:09,40:29,34,CHI,challenge,0,58.1,8.5
KEY-20190413CHINC-270,RAW-20190413CHINC-1647,20190413CHINC,1,40:17,40:37,161,CHI,recovery,\N,34.5,34.0
KEY-20190413CHINC-271,RAW-20190413CHINC-1663,20190413CHINC,1,40:35,40:55,247,CHI,dribble,1,76.3,61.8
KEY-20190413CHINC-272,RAW-20190413CHINC-1680,20190413CHINC,1,40:49,41:09,244,NC,recovery,\N,31.9,46.5
KEY-20190413CHINC-273,RAW-20190413CHINC-1685,20190413CHINC,1,40:51,41:11,80,CHI,recovery,\N,63.1,21.6
KEY-20190413CHINC-274,RAW-20190413CHINC-1690,20190413CHINC,1,40:59,41:19,34,CHI,dribble,1,78.5,11.7
KEY-20190413CHINC-275,RAW-20190413CHINC-1699,20190413CHINC,1,41:06,41:26,45,CHI,dribble,1,49.1,37.4
KEY-20190413CHINC-276,RAW-20190413CHINC-1706,20190413CHINC,1,41:12,41:32,64,NC,recovery,\N,15.6,45.6
KEY-20190413CHINC-277,RAW-20190413CHINC-1709,20190413CHINC,1,41:16,41:36,142,CHI,recovery,\N,72.7,11.6
KEY-20190413CHINC-278,RAW-20190413CHINC-1723,20190413CHINC,1,41:20,41:40,42,NC,challenge,0,15.5,36.9
KEY-20190413CHINC-279,RAW-20190413CHINC-1724,20190413CHINC,1,41:20,41:40,117,CHI,challenge,1,89.5,31.1
KEY-20190413CHINC-280,RAW-20190413CHINC-1737,20190413CHINC,1,41:35,41:55,244,NC,dribble,1,81.8,42.8
KEY-20190413CHINC-281,RAW-20190413CHINC-1743,20190413CHINC,1,41:36,41:56,160,CHI,save,\N,21.7,25.2
KEY-20190413CHINC-282,RAW-20190413CHINC-1760,20190413CHINC,1,42:45,43:05,34,CHI,challenge,0,59.6,8.3
KEY-20190413CHINC-283,RAW-20190413CHINC-1761,20190413CHINC,1,42:45,43:05,92,NC,challenge,1,45.4,59.7
KEY-20190413CHINC-284,RAW-20190413CHINC-1771,20190413CHINC,1,42:56,43:16,45,CHI,recovery,\N,28.6,34.0
KEY-20190413CHINC-285,RAW-20190413CHINC-1780,20190413CHINC,1,43:01,43:21,64,NC,recovery,\N,45.9,46.2
KEY-20190413CHINC-286,RAW-20190413CHINC-1782,20190413CHINC,1,43:03,43:23,45,CHI,recovery,\N,32.8,33.1
KEY-20190413CHINC-287,RAW-20190413CHINC-1791,20190413CHINC,1,43:11,43:31,65,CHI,recovery,\N,41.6,26.3
KEY-20190413CHINC-288,RAW-20190413CHINC-1802,20190413CHINC,1,43:22,43:42,65,CHI,dribble,1,63.5,50.8
KEY-20190413CHINC-289,RAW-20190413CHINC-1805,20190413CHINC,1,43:23,43:43,169,NC,challenge,0,38.8,18.9
KEY-20190413CHINC-290,RAW-20190413CHINC-1806,20190413CHINC,1,43:23,43:43,169,NC,tackle,0,38.8,18.9
KEY-20190413CHINC-291,RAW-20190413CHINC-1807,20190413CHINC,1,43:23,43:43,65,CHI,take_on,1,66.2,49.1
KEY-20190413CHINC-292,RAW-20190413CHINC-1821,20190413CHINC,1,43:49,44:09,222,CHI,challenge,0,71.9,56.4
KEY-20190413CHINC-293,RAW-20190413CHINC-1822,20190413CHINC,1,43:49,44:09,169,NC,challenge,1,33.1,11.6
KEY-20190413CHINC-294,RAW-20190413CHINC-1831,20190413CHINC,1,44:01,44:21,54,NC,dribble,1,72.1,58.4
KEY-20190413CHINC-295,RAW-20190413CHINC-1844,20190413CHINC,1,44:12,44:32,80,CHI,challenge,0,15.6,25.2
KEY-20190413CHINC-296,RAW-20190413CHINC-1845,20190413CHINC,1,44:12,44:32,54,NC,challenge,1,89.4,42.8
KEY-20190413CHINC-297,RAW-20190413CHINC-1851,20190413CHINC,1,44:41,45:01,169,NC,challenge,0,81.8,54.1
KEY-20190413CHINC-298,RAW-20190413CHINC-1852,20190413CHINC,1,44:41,45:01,65,CHI,challenge,1,23.2,13.9
KEY-20190413CHINC-299,RAW-20190413CHINC-1854,20190413CHINC,1,44:43,45:03,222,CHI,recovery,\N,26.1,24.1
KEY-20190413CHINC-300,RAW-20190413CHINC-1856,20190413CHINC,1,44:46,45:06,34,CHI,challenge,1,28.2,17.2
KEY-20190413CHINC-301,RAW-20190413CHINC-1857,20190413CHINC,1,44:46,45:06,169,NC,challenge,0,76.8,50.8
KEY-20190413CHINC-302,RAW-20190413CHINC-1858,20190413CHINC,1,44:46,45:06,65,CHI,recovery,\N,23.0,19.8
KEY-20190413CHINC-303,RAW-20190413CHINC-1864,20190413CHINC,1,44:57,45:17,64,NC,recovery,\N,28.1,63.5
KEY-20190413CHINC-304,RAW-20190413CHINC-1892,20190413CHINC,1,45:36,45:56,64,NC,recovery,\N,36.2,26.3
KEY-20190413CHINC-305,RAW-20190413CHINC-1911,20190413CHINC,1,46:08,46:28,65,CHI,challenge,0,31.2,8.0
KEY-20190413CHINC-306,RAW-20190413CHINC-1913,20190413CHINC,1,46:08,46:28,92,NC,challenge,1,73.8,60.0
KEY-20190413CHINC-307,RAW-20190413CHINC-1914,20190413CHINC,1,46:08,46:28,92,NC,tackle,1,73.8,60.0
KEY-20190413CHINC-308,RAW-20190413CHINC-1915,20190413CHINC,1,46:08,46:28,65,CHI,take_on,0,31.2,8.0
KEY-20190413CHINC-309,RAW-20190413CHINC-1918,20190413CHINC,1,46:09,46:29,54,NC,dribble,1,75.9,58.6
KEY-20190413CHINC-310,RAW-20190413CHINC-1921,20190413CHINC,1,46:09,46:29,54,NC,recovery,\N,75.9,58.6
KEY-20190413CHINC-311,RAW-20190413CHINC-1922,20190413CHINC,1,46:13,46:33,222,CHI,challenge,0,26.8,21.2
KEY-20190413CHINC-312,RAW-20190413CHINC-1923,20190413CHINC,1,46:13,46:33,222,CHI,tackle,0,26.8,21.2
KEY-20190413CHINC-313,RAW-20190413CHINC-1925,20190413CHINC,1,46:13,46:33,54,NC,take_on,1,78.2,46.8
KEY-20190413CHINC-314,RAW-20190413CHINC-1926,20190413CHINC,1,46:13,46:33,222,CHI,foul,\N,24.1,22.6
KEY-20190413CHINC-315,RAW-20190413CHINC-1940,20190413CHINC,1,47:59,48:19,146,NC,challenge,0,57.5,48.1
KEY-20190413CHINC-316,RAW-20190413CHINC-1941,20190413CHINC,1,47:59,48:19,65,CHI,challenge,1,47.5,19.9
KEY-20190413CHINC-317,RAW-20190413CHINC-1945,20190413CHINC,1,48:00,48:20,34,CHI,recovery,\N,58.8,20.7
KEY-20190413CHINC-318,RAW-20190413CHINC-1949,20190413CHINC,1,48:02,48:22,117,CHI,challenge,1,70.7,20.1
KEY-20190413CHINC-319,RAW-20190413CHINC-1951,20190413CHINC,1,48:02,48:22,64,NC,challenge,0,34.3,47.9
KEY-20190413CHINC-320,RAW-20190413CHINC-1959,20190413CHINC,1,48:06,48:26,80,CHI,recovery,\N,47.0,11.7
KEY-20190413CHINC-321,RAW-20190413CHINC-1967,20190413CHINC,1,48:12,48:32,125,NC,recovery,\N,8.5,47.4
KEY-20190413CHINC-322,RAW-20190413CHINC-1977,20190413CHINC,1,48:24,48:44,142,CHI,challenge,0,30.2,24.4
KEY-20190413CHINC-323,RAW-20190413CHINC-1978,20190413CHINC,1,48:24,48:44,146,NC,challenge,1,74.8,43.6
KEY-20190413CHINC-324,RAW-20190413CHINC-1985,20190413CHINC,1,48:27,48:47,146,NC,recovery,\N,75.2,43.6
KEY-20190413CHINC-325,RAW-20190413CHINC-1999,20190413CHINC,2,45:07,45:27,146,NC,challenge,1,24.1,5.9
KEY-20190413CHINC-326,RAW-20190413CHINC-2000,20190413CHINC,2,45:07,45:27,247,CHI,challenge,0,80.9,62.1
KEY-20190413CHINC-327,RAW-20190413CHINC-2006,20190413CHINC,2,45:09,45:29,65,CHI,challenge,0,79.2,63.2
KEY-20190413CHINC-328,RAW-20190413CHINC-2007,20190413CHINC,2,45:09,45:29,146,NC,challenge,1,25.8,4.8
KEY-20190413CHINC-329,RAW-20190413CHINC-2012,20190413CHINC,2,45:11,45:31,45,CHI,recovery,\N,71.2,63.0
KEY-20190413CHINC-330,RAW-20190413CHINC-2014,20190413CHINC,2,45:13,45:33,42,NC,recovery,\N,25.4,17.9
KEY-20190413CHINC-331,RAW-20190413CHINC-2039,20190413CHINC,2,45:40,46:00,64,NC,recovery,\N,14.5,66.5
KEY-20190413CHINC-332,RAW-20190413CHINC-2055,20190413CHINC,2,46:02,46:22,64,NC,dribble,1,30.5,53.4
KEY-20190413CHINC-333,RAW-20190413CHINC-2063,20190413CHINC,2,46:09,46:29,146,NC,challenge,0,58.8,58.4
KEY-20190413CHINC-334,RAW-20190413CHINC-2064,20190413CHINC,2,46:09,46:29,65,CHI,challenge,1,46.2,9.6
KEY-20190413CHINC-335,RAW-20190413CHINC-2065,20190413CHINC,2,46:09,46:29,65,CHI,tackle,1,46.2,9.6
KEY-20190413CHINC-336,RAW-20190413CHINC-2069,20190413CHINC,2,46:11,46:31,34,CHI,challenge,0,55.2,6.8
KEY-20190413CHINC-337,RAW-20190413CHINC-2070,20190413CHINC,2,46:11,46:31,64,NC,challenge,1,49.8,61.2
KEY-20190413CHINC-338,RAW-20190413CHINC-2071,20190413CHINC,2,46:13,46:33,64,NC,recovery,\N,51.5,64.3
KEY-20190413CHINC-339,RAW-20190413CHINC-2075,20190413CHINC,2,46:15,46:35,146,NC,dribble,1,56.9,57.3
KEY-20190413CHINC-340,RAW-20190413CHINC-2081,20190413CHINC,2,46:23,46:43,160,CHI,save,\N,30.9,52.5
KEY-20190413CHINC-341,RAW-20190413CHINC-2087,20190413CHINC,2,46:40,47:00,140,NC,challenge,1,85.9,5.2
KEY-20190413CHINC-342,RAW-20190413CHINC-2088,20190413CHINC,2,46:40,47:00,247,CHI,challenge,0,19.1,62.8
KEY-20190413CHINC-343,RAW-20190413CHINC-2089,20190413CHINC,2,46:40,47:00,140,NC,tackle,1,85.9,5.2
KEY-20190413CHINC-344,RAW-20190413CHINC-2090,20190413CHINC,2,46:40,47:00,247,CHI,take_on,0,19.1,62.8
KEY-20190413CHINC-345,RAW-20190413CHINC-2094,20190413CHINC,2,46:47,47:07,45,CHI,challenge,0,9.2,58.8
KEY-20190413CHINC-346,RAW-20190413CHINC-2095,20190413CHINC,2,46:47,47:07,146,NC,challenge,1,95.8,9.2
KEY-20190413CHINC-347,RAW-20190413CHINC-2098,20190413CHINC,2,46:48,47:08,146,NC,recovery,\N,99.5,9.4
KEY-20190413CHINC-348,RAW-20190413CHINC-2116,20190413CHINC,2,47:38,47:58,92,NC,recovery,\N,51.9,66.5
KEY-20190413CHINC-349,RAW-20190413CHINC-2127,20190413CHINC,2,47:47,48:07,247,CHI,challenge,0,57.8,53.1
KEY-20190413CHINC-350,RAW-20190413CHINC-2128,20190413CHINC,2,47:47,48:07,140,NC,challenge,1,47.2,14.9
KEY-20190413CHINC-351,RAW-20190413CHINC-2130,20190413CHINC,2,47:48,48:08,161,CHI,recovery,\N,57.3,47.7
KEY-20190413CHINC-352,RAW-20190413CHINC-2163,20190413CHINC,2,48:28,48:48,64,NC,challenge,1,10.3,35.4
KEY-20190413CHINC-353,RAW-20190413CHINC-2165,20190413CHINC,2,48:28,48:48,34,CHI,challenge,0,94.7,32.6
KEY-20190413CHINC-354,RAW-20190413CHINC-2168,20190413CHINC,2,48:31,48:51,92,NC,recovery,\N,3.4,49.4
KEY-20190413CHINC-355,RAW-20190413CHINC-2175,20190413CHINC,2,48:33,48:53,142,CHI,recovery,\N,75.0,10.9
KEY-20190413CHINC-356,RAW-20190413CHINC-2182,20190413CHINC,2,48:38,48:58,169,NC,challenge,0,28.1,28.9
KEY-20190413CHINC-357,RAW-20190413CHINC-2183,20190413CHINC,2,48:38,48:58,161,CHI,challenge,1,76.9,39.1
KEY-20190413CHINC-358,RAW-20190413CHINC-2205,20190413CHINC,2,49:12,49:32,34,CHI,tackle,0,56.3,20.6
KEY-20190413CHINC-359,RAW-20190413CHINC-2206,20190413CHINC,2,49:12,49:32,169,NC,take_on,1,48.7,47.4
KEY-20190413CHINC-360,RAW-20190413CHINC-2207,20190413CHINC,2,49:12,49:32,34,CHI,challenge,0,56.3,20.6
KEY-20190413CHINC-361,RAW-20190413CHINC-2218,20190413CHINC,2,49:21,49:41,222,CHI,challenge,0,49.8,47.4
KEY-20190413CHINC-362,RAW-20190413CHINC-2219,20190413CHINC,2,49:21,49:41,254,NC,challenge,1,55.2,20.6
KEY-20190413CHINC-363,RAW-20190413CHINC-2221,20190413CHINC,2,49:21,49:41,222,CHI,foul,\N,49.8,47.7
KEY-20190413CHINC-364,RAW-20190413CHINC-2228,20190413CHINC,2,49:38,49:58,152,NC,dribble,1,59.4,61.7
KEY-20190413CHINC-365,RAW-20190413CHINC-2233,20190413CHINC,2,49:44,50:04,142,CHI,tackle,1,25.8,1.7
KEY-20190413CHINC-366,RAW-20190413CHINC-2234,20190413CHINC,2,49:44,50:04,142,CHI,challenge,1,25.8,1.7
KEY-20190413CHINC-367,RAW-20190413CHINC-2235,20190413CHINC,2,49:44,50:04,92,NC,challenge,0,79.2,66.3
KEY-20190413CHINC-368,RAW-20190413CHINC-2241,20190413CHINC,2,50:00,50:20,152,NC,dribble,1,61.5,66.9
KEY-20190413CHINC-369,RAW-20190413CHINC-2244,20190413CHINC,2,50:04,50:24,142,CHI,challenge,0,33.6,3.9
KEY-20190413CHINC-370,RAW-20190413CHINC-2245,20190413CHINC,2,50:04,50:24,142,CHI,tackle,0,33.6,3.9
KEY-20190413CHINC-371,RAW-20190413CHINC-2246,20190413CHINC,2,50:04,50:24,152,NC,take_on,1,71.4,64.1
KEY-20190413CHINC-372,RAW-20190413CHINC-2259,20190413CHINC,2,50:39,50:59,152,NC,challenge,0,49.6,52.9
KEY-20190413CHINC-373,RAW-20190413CHINC-2262,20190413CHINC,2,50:39,50:59,161,CHI,challenge,1,55.4,15.1
KEY-20190413CHINC-374,RAW-20190413CHINC-2274,20190413CHINC,2,50:41,51:01,254,NC,recovery,\N,47.7,45.0
KEY-20190413CHINC-375,RAW-20190413CHINC-2285,20190413CHINC,2,50:46,51:06,244,NC,challenge,0,66.8,52.3
KEY-20190413CHINC-376,RAW-20190413CHINC-2286,20190413CHINC,2,50:46,51:06,80,CHI,challenge,1,38.2,15.7
KEY-20190413CHINC-377,RAW-20190413CHINC-2290,20190413CHINC,2,50:47,51:07,247,CHI,recovery,\N,32.6,30.4
KEY-20190413CHINC-378,RAW-20190413CHINC-2294,20190413CHINC,2,50:51,51:11,92,NC,recovery,\N,37.6,59.7
KEY-20190413CHINC-379,RAW-20190413CHINC-2299,20190413CHINC,2,50:53,51:13,92,NC,recovery,\N,33.6,62.5
KEY-20190413CHINC-380,RAW-20190413CHINC-2300,20190413CHINC,2,50:55,51:15,142,CHI,tackle,1,68.0,1.5
KEY-20190413CHINC-381,RAW-20190413CHINC-2302,20190413CHINC,2,50:55,51:15,92,NC,take_on,0,37.0,66.5
KEY-20190413CHINC-382,RAW-20190413CHINC-2303,20190413CHINC,2,50:55,51:15,92,NC,challenge,0,37.0,66.5
KEY-20190413CHINC-383,RAW-20190413CHINC-2304,20190413CHINC,2,50:55,51:15,142,CHI,challenge,1,68.0,1.5
KEY-20190413CHINC-384,RAW-20190413CHINC-2306,20190413CHINC,2,50:56,51:16,34,CHI,recovery,\N,63.4,1.3
KEY-20190413CHINC-385,RAW-20190413CHINC-2307,20190413CHINC,2,50:56,51:16,92,NC,challenge,1,41.6,66.7
KEY-20190413CHINC-386,RAW-20190413CHINC-2308,20190413CHINC,2,50:56,51:16,34,CHI,challenge,0,63.4,1.3
KEY-20190413CHINC-387,RAW-20190413CHINC-2309,20190413CHINC,2,50:56,51:16,92,NC,tackle,1,41.6,66.7
KEY-20190413CHINC-388,RAW-20190413CHINC-2310,20190413CHINC,2,50:56,51:16,34,CHI,take_on,0,63.4,1.3
KEY-20190413CHINC-389,RAW-20190413CHINC-2314,20190413CHINC,2,50:58,51:18,152,NC,recovery,\N,34.9,65.2
KEY-20190413CHINC-390,RAW-20190413CHINC-2315,20190413CHINC,2,50:59,51:19,161,CHI,tackle,0,73.9,5.7
KEY-20190413CHINC-391,RAW-20190413CHINC-2316,20190413CHINC,2,50:59,51:19,152,NC,take_on,1,31.1,62.3
KEY-20190413CHINC-392,RAW-20190413CHINC-2317,20190413CHINC,2,50:59,51:19,161,CHI,challenge,0,73.9,5.7
KEY-20190413CHINC-393,RAW-20190413CHINC-2318,20190413CHINC,2,51:00,51:20,161,CHI,foul,\N,73.3,10.3
KEY-20190413CHINC-394,RAW-20190413CHINC-2336,20190413CHINC,2,51:29,51:49,117,CHI,challenge,0,70.3,30.8
KEY-20190413CHINC-395,RAW-20190413CHINC-2337,20190413CHINC,2,51:29,51:49,64,NC,challenge,1,34.7,37.2
KEY-20190413CHINC-396,RAW-20190413CHINC-2340,20190413CHINC,2,51:34,51:54,54,NC,recovery,\N,31.7,1.7
KEY-20190413CHINC-397,RAW-20190413CHINC-2350,20190413CHINC,2,51:43,52:03,161,CHI,challenge,1,72.7,56.2
KEY-20190413CHINC-398,RAW-20190413CHINC-2351,20190413CHINC,2,51:43,52:03,140,NC,challenge,0,32.3,11.8
KEY-20190413CHINC-399,RAW-20190413CHINC-2354,20190413CHINC,2,51:46,52:06,161,CHI,recovery,\N,75.0,60.3
KEY-20190413CHINC-400,RAW-20190413CHINC-2359,20190413CHINC,2,51:50,52:10,254,NC,tackle,0,41.2,18.4
KEY-20190413CHINC-401,RAW-20190413CHINC-2360,20190413CHINC,2,51:50,52:10,65,CHI,take_on,1,63.8,49.6
KEY-20190413CHINC-402,RAW-20190413CHINC-2361,20190413CHINC,2,51:50,52:10,254,NC,challenge,0,41.2,18.4
KEY-20190413CHINC-403,RAW-20190413CHINC-2364,20190413CHINC,2,51:51,52:11,65,CHI,dribble,1,65.9,53.6
KEY-20190413CHINC-404,RAW-20190413CHINC-2376,20190413CHINC,2,51:59,52:19,64,NC,recovery,\N,8.0,30.0
KEY-20190413CHINC-405,RAW-20190413CHINC-2382,20190413CHINC,2,52:05,52:25,169,NC,take_on,0,48.5,36.3
KEY-20190413CHINC-406,RAW-20190413CHINC-2383,20190413CHINC,2,52:05,52:25,142,CHI,tackle,1,56.5,31.7
KEY-20190413CHINC-407,RAW-20190413CHINC-2384,20190413CHINC,2,52:05,52:25,142,CHI,challenge,1,56.5,31.7
KEY-20190413CHINC-408,RAW-20190413CHINC-2386,20190413CHINC,2,52:05,52:25,169,NC,challenge,0,48.5,36.3
KEY-20190413CHINC-409,RAW-20190413CHINC-2388,20190413CHINC,2,52:07,52:27,54,NC,recovery,\N,51.0,21.6
KEY-20190413CHINC-410,RAW-20190413CHINC-2391,20190413CHINC,2,52:11,52:31,146,NC,dribble,1,75.0,2.6
KEY-20190413CHINC-411,RAW-20190413CHINC-2398,20190413CHINC,2,52:19,52:39,247,CHI,recovery,\N,4.8,50.3
KEY-20190413CHINC-412,RAW-20190413CHINC-2405,20190413CHINC,2,52:24,52:44,65,CHI,challenge,0,27.9,49.0
KEY-20190413CHINC-413,RAW-20190413CHINC-2406,20190413CHINC,2,52:24,52:44,254,NC,challenge,1,77.1,19.0
KEY-20190413CHINC-414,RAW-20190413CHINC-2407,20190413CHINC,2,52:24,52:44,65,CHI,take_on,0,27.9,49.0
KEY-20190413CHINC-415,RAW-20190413CHINC-2408,20190413CHINC,2,52:24,52:44,254,NC,tackle,1,77.1,19.0
KEY-20190413CHINC-416,RAW-20190413CHINC-2410,20190413CHINC,2,52:26,52:46,254,NC,recovery,\N,82.9,20.6
KEY-20190413CHINC-417,RAW-20190413CHINC-2439,20190413CHINC,2,52:47,53:07,152,NC,recovery,\N,58.2,47.9
KEY-20190413CHINC-418,RAW-20190413CHINC-2446,20190413CHINC,2,52:54,53:14,140,NC,dribble,1,62.6,12.2
KEY-20190413CHINC-419,RAW-20190413CHINC-2462,20190413CHINC,2,53:02,53:22,146,NC,recovery,\N,89.2,27.1
KEY-20190413CHINC-420,RAW-20190413CHINC-2465,20190413CHINC,2,53:02,53:22,247,CHI,recovery,\N,12.6,43.7
KEY-20190413CHINC-421,RAW-20190413CHINC-2467,20190413CHINC,2,53:05,53:25,140,NC,tackle,0,79.6,16.2
KEY-20190413CHINC-422,RAW-20190413CHINC-2468,20190413CHINC,2,53:05,53:25,140,NC,challenge,0,79.6,16.2
KEY-20190413CHINC-423,RAW-20190413CHINC-2469,20190413CHINC,2,53:05,53:25,65,CHI,take_on,1,25.4,51.8
KEY-20190413CHINC-424,RAW-20190413CHINC-2502,20190413CHINC,2,53:59,54:19,254,NC,recovery,\N,50.2,20.1
KEY-20190413CHINC-425,RAW-20190413CHINC-2504,20190413CHINC,2,54:00,54:20,54,NC,dribble,1,53.1,17.3
KEY-20190413CHINC-426,RAW-20190413CHINC-2516,20190413CHINC,2,54:10,54:30,34,CHI,recovery,\N,34.0,29.3
KEY-20190413CHINC-427,RAW-20190413CHINC-2519,20190413CHINC,2,55:06,55:26,140,NC,recovery,\N,58.6,11.8
KEY-20190413CHINC-428,RAW-20190413CHINC-2535,20190413CHINC,2,55:22,55:42,163,CHI,recovery,\N,18.9,36.5
KEY-20190413CHINC-429,RAW-20190413CHINC-2539,20190413CHINC,2,55:25,55:45,64,NC,recovery,\N,56.3,33.9
KEY-20190413CHINC-430,RAW-20190413CHINC-2543,20190413CHINC,2,55:26,55:46,34,CHI,recovery,\N,35.9,33.2
KEY-20190413CHINC-431,RAW-20190413CHINC-2547,20190413CHINC,2,55:31,55:51,169,NC,challenge,1,63.6,44.6
KEY-20190413CHINC-432,RAW-20190413CHINC-2549,20190413CHINC,2,55:31,55:51,65,CHI,challenge,0,41.4,23.4
KEY-20190413CHINC-433,RAW-20190413CHINC-2551,20190413CHINC,2,55:31,55:51,65,CHI,foul,\N,42.0,23.4
KEY-20190413CHINC-434,RAW-20190413CHINC-2576,20190413CHINC,2,55:58,56:18,42,NC,recovery,\N,50.4,34.3
KEY-20190413CHINC-435,RAW-20190413CHINC-2590,20190413CHINC,2,56:10,56:30,142,CHI,recovery,\N,9.0,14.2
KEY-20190413CHINC-436,RAW-20190413CHINC-2606,20190413CHINC,2,56:33,56:53,140,NC,dribble,1,44.9,14.0
KEY-20190413CHINC-437,RAW-20190413CHINC-2612,20190413CHINC,2,56:39,56:59,254,NC,challenge,0,77.5,17.7
KEY-20190413CHINC-438,RAW-20190413CHINC-2613,20190413CHINC,2,56:39,56:59,222,CHI,tackle,1,27.5,50.3
KEY-20190413CHINC-439,RAW-20190413CHINC-2615,20190413CHINC,2,56:39,56:59,222,CHI,challenge,1,27.5,50.3
KEY-20190413CHINC-440,RAW-20190413CHINC-2617,20190413CHINC,2,56:41,57:01,65,CHI,recovery,\N,29.0,48.5
KEY-20190413CHINC-441,RAW-20190413CHINC-2619,20190413CHINC,2,56:43,57:03,254,NC,foul,\N,75.4,18.8
KEY-20190413CHINC-442,RAW-20190413CHINC-2623,20190413CHINC,2,57:20,57:40,125,NC,recovery,\N,8.8,28.2
KEY-20190413CHINC-443,RAW-20190413CHINC-2636,20190413CHINC,2,57:40,58:00,80,CHI,tackle,1,13.0,15.5
KEY-20190413CHINC-444,RAW-20190413CHINC-2637,20190413CHINC,2,57:40,58:00,244,NC,challenge,0,92.0,52.5
KEY-20190413CHINC-445,RAW-20190413CHINC-2638,20190413CHINC,2,57:40,58:00,80,CHI,challenge,1,13.0,15.5
KEY-20190413CHINC-446,RAW-20190413CHINC-2642,20190413CHINC,2,57:42,58:02,244,NC,challenge,1,93.2,56.2
KEY-20190413CHINC-447,RAW-20190413CHINC-2643,20190413CHINC,2,57:42,58:02,80,CHI,challenge,0,11.8,11.8
KEY-20190413CHINC-448,RAW-20190413CHINC-2646,20190413CHINC,2,57:46,58:06,142,CHI,challenge,1,23.7,7.9
KEY-20190413CHINC-449,RAW-20190413CHINC-2647,20190413CHINC,2,57:46,58:06,92,NC,challenge,0,81.3,60.1
KEY-20190413CHINC-450,RAW-20190413CHINC-2651,20190413CHINC,2,57:49,58:09,92,NC,recovery,\N,72.2,66.7
KEY-20190413CHINC-451,RAW-20190413CHINC-2652,20190413CHINC,2,57:50,58:10,92,NC,challenge,0,70.6,66.5
KEY-20190413CHINC-452,RAW-20190413CHINC-2653,20190413CHINC,2,57:50,58:10,34,CHI,tackle,1,34.4,1.5
KEY-20190413CHINC-453,RAW-20190413CHINC-2655,20190413CHINC,2,57:50,58:10,34,CHI,challenge,1,34.4,1.5
KEY-20190413CHINC-454,RAW-20190413CHINC-2657,20190413CHINC,2,57:52,58:12,142,CHI,recovery,\N,32.6,2.6
KEY-20190413CHINC-455,RAW-20190413CHINC-2662,20190413CHINC,2,57:57,58:17,152,NC,recovery,\N,65.7,61.2
KEY-20190413CHINC-456,RAW-20190413CHINC-2663,20190413CHINC,2,57:57,58:17,152,NC,dribble,1,65.3,61.4
KEY-20190413CHINC-457,RAW-20190413CHINC-2676,20190413CHINC,2,58:36,58:56,254,NC,challenge,0,46.2,21.6
KEY-20190413CHINC-458,RAW-20190413CHINC-2678,20190413CHINC,2,58:36,58:56,161,CHI,challenge,1,58.8,46.4
KEY-20190413CHINC-459,RAW-20190413CHINC-2682,20190413CHINC,2,58:38,58:58,140,NC,recovery,\N,29.8,23.4
KEY-20190413CHINC-460,RAW-20190413CHINC-2684,20190413CHINC,2,58:39,58:59,161,CHI,recovery,\N,65.9,42.9
KEY-20190413CHINC-461,RAW-20190413CHINC-2702,20190413CHINC,2,59:00,59:20,222,CHI,challenge,0,44.9,16.5
KEY-20190413CHINC-462,RAW-20190413CHINC-2703,20190413CHINC,2,59:00,59:20,222,CHI,tackle,0,44.9,16.5
KEY-20190413CHINC-463,RAW-20190413CHINC-2704,20190413CHINC,2,59:00,59:20,169,NC,take_on,1,60.1,51.5
KEY-20190413CHINC-464,RAW-20190413CHINC-2705,20190413CHINC,2,59:01,59:21,169,NC,dribble,1,60.3,51.9
KEY-20190413CHINC-465,RAW-20190413CHINC-2717,20190413CHINC,2,59:07,59:27,152,NC,recovery,\N,67.0,37.7
KEY-20190413CHINC-466,RAW-20190413CHINC-2718,20190413CHINC,2,59:07,59:27,152,NC,take_on,1,67.4,37.9
KEY-20190413CHINC-467,RAW-20190413CHINC-2719,20190413CHINC,2,59:07,59:27,65,CHI,tackle,0,37.6,30.1
KEY-20190413CHINC-468,RAW-20190413CHINC-2721,20190413CHINC,2,59:07,59:27,65,CHI,challenge,0,37.6,30.1
KEY-20190413CHINC-469,RAW-20190413CHINC-2736,20190413CHINC,2,59:16,59:36,65,CHI,dribble,1,29.6,28.0
KEY-20190413CHINC-470,RAW-20190413CHINC-2756,20190413CHINC,2,59:38,59:58,65,CHI,dribble,1,60.7,54.9
KEY-20190413CHINC-471,RAW-20190413CHINC-2760,20190413CHINC,2,59:45,60:05,142,CHI,dribble,1,57.3,11.2
KEY-20190413CHINC-472,RAW-20190413CHINC-2804,20190413CHINC,2,61:00,61:20,244,NC,challenge,0,99.1,34.3
KEY-20190413CHINC-473,RAW-20190413CHINC-2806,20190413CHINC,2,61:00,61:20,45,CHI,challenge,1,5.9,33.7
KEY-20190413CHINC-474,RAW-20190413CHINC-2808,20190413CHINC,2,61:04,61:24,146,NC,recovery,\N,98.1,11.9
KEY-20190413CHINC-475,RAW-20190413CHINC-2817,20190413CHINC,2,61:08,61:28,254,NC,recovery,\N,81.1,22.9
KEY-20190413CHINC-476,RAW-20190413CHINC-2824,20190413CHINC,2,61:14,61:34,92,NC,dribble,1,64.3,47.9
KEY-20190413CHINC-477,RAW-20190413CHINC-2825,20190413CHINC,2,61:22,61:42,142,CHI,challenge,0,30.4,15.9
KEY-20190413CHINC-478,RAW-20190413CHINC-2827,20190413CHINC,2,61:22,61:42,142,CHI,tackle,0,30.4,15.9
KEY-20190413CHINC-479,RAW-20190413CHINC-2828,20190413CHINC,2,61:22,61:42,92,NC,take_on,1,74.6,52.1
KEY-20190413CHINC-480,RAW-20190413CHINC-2833,20190413CHINC,2,62:00,62:20,142,CHI,challenge,0,50.2,20.3
KEY-20190413CHINC-481,RAW-20190413CHINC-2837,20190413CHINC,2,62:00,62:20,254,NC,challenge,1,54.8,47.7
KEY-20190413CHINC-482,RAW-20190413CHINC-2846,20190413CHINC,2,62:03,62:23,169,NC,recovery,\N,62.0,43.0
KEY-20190413CHINC-483,RAW-20190413CHINC-2851,20190413CHINC,2,62:09,62:29,160,CHI,recovery,\N,7.1,15.3
KEY-20190413CHINC-484,RAW-20190413CHINC-2859,20190413CHINC,2,62:31,62:51,161,CHI,challenge,1,62.4,45.3
KEY-20190413CHINC-485,RAW-20190413CHINC-2861,20190413CHINC,2,62:31,62:51,42,NC,challenge,0,42.6,22.7
KEY-20190413CHINC-486,RAW-20190413CHINC-2862,20190413CHINC,2,62:36,62:56,92,NC,recovery,\N,24.8,50.4
KEY-20190413CHINC-487,RAW-20190413CHINC-2875,20190413CHINC,2,62:47,63:07,54,NC,dribble,1,51.5,16.1
KEY-20190413CHINC-488,RAW-20190413CHINC-2892,20190413CHINC,2,63:13,63:33,34,CHI,challenge,0,57.8,21.0
KEY-20190413CHINC-489,RAW-20190413CHINC-2893,20190413CHINC,2,63:13,63:33,64,NC,challenge,1,47.2,47.0
KEY-20190413CHINC-490,RAW-20190413CHINC-2898,20190413CHINC,2,63:17,63:37,142,CHI,recovery,\N,48.7,7.6
KEY-20190413CHINC-491,RAW-20190413CHINC-2900,20190413CHINC,2,63:17,63:37,142,CHI,take_on,1,49.6,8.0
KEY-20190413CHINC-492,RAW-20190413CHINC-2901,20190413CHINC,2,63:17,63:37,254,NC,challenge,0,55.4,60.0
KEY-20190413CHINC-493,RAW-20190413CHINC-2902,20190413CHINC,2,63:17,63:37,254,NC,tackle,0,55.4,60.0
KEY-20190413CHINC-494,RAW-20190413CHINC-2907,20190413CHINC,2,63:21,63:41,222,CHI,challenge,0,50.4,21.0
KEY-20190413CHINC-495,RAW-20190413CHINC-2908,20190413CHINC,2,63:21,63:41,54,NC,challenge,1,54.6,47.0
KEY-20190413CHINC-496,RAW-20190413CHINC-2912,20190413CHINC,2,63:21,63:41,54,NC,dribble,1,58.2,47.2
KEY-20190413CHINC-497,RAW-20190413CHINC-2916,20190413CHINC,2,63:27,63:47,160,CHI,save,\N,27.1,30.1
KEY-20190413CHINC-498,RAW-20190413CHINC-2930,20190413CHINC,2,63:43,64:03,65,CHI,recovery,\N,50.2,50.4
KEY-20190413CHINC-499,RAW-20190413CHINC-2937,20190413CHINC,2,63:45,64:05,42,NC,recovery,\N,33.0,21.6
KEY-20190413CHINC-500,RAW-20190413CHINC-2944,20190413CHINC,2,64:19,64:39,92,NC,recovery,\N,45.8,62.5
KEY-20190413CHINC-501,RAW-20190413CHINC-2950,20190413CHINC,2,64:25,64:45,34,CHI,challenge,0,49.3,6.4
KEY-20190413CHINC-502,RAW-20190413CHINC-2951,20190413CHINC,2,64:25,64:45,244,NC,challenge,1,55.7,61.6
KEY-20190413CHINC-503,RAW-20190413CHINC-2956,20190413CHINC,2,64:28,64:48,117,CHI,recovery,\N,59.0,13.1
KEY-20190413CHINC-504,RAW-20190413CHINC-2961,20190413CHINC,2,64:30,64:50,254,NC,challenge,1,49.1,54.7
KEY-20190413CHINC-505,RAW-20190413CHINC-2962,20190413CHINC,2,64:30,64:50,117,CHI,challenge,0,55.9,13.3
KEY-20190413CHINC-506,RAW-20190413CHINC-2974,20190413CHINC,2,64:42,65:02,140,NC,dribble,1,60.9,12.9
KEY-20190413CHINC-507,RAW-20190413CHINC-2980,20190413CHINC,2,64:48,65:08,45,CHI,recovery,\N,5.9,61.9
KEY-20190413CHINC-508,RAW-20190413CHINC-2987,20190413CHINC,2,65:11,65:31,54,NC,dribble,1,97.0,12.7
KEY-20190413CHINC-509,RAW-20190413CHINC-2989,20190413CHINC,2,65:12,65:32,247,CHI,challenge,0,8.0,51.9
KEY-20190413CHINC-510,RAW-20190413CHINC-2990,20190413CHINC,2,65:12,65:32,247,CHI,tackle,0,8.0,51.9
KEY-20190413CHINC-511,RAW-20190413CHINC-2992,20190413CHINC,2,65:12,65:32,54,NC,take_on,1,97.0,16.1
KEY-20190413CHINC-512,RAW-20190413CHINC-3000,20190413CHINC,2,66:08,66:28,152,NC,recovery,\N,45.4,47.0
KEY-20190413CHINC-513,RAW-20190413CHINC-3002,20190413CHINC,2,66:09,66:29,222,CHI,recovery,\N,55.0,20.8
KEY-20190413CHINC-514,RAW-20190413CHINC-3010,20190413CHINC,2,66:11,66:31,142,CHI,recovery,\N,48.9,15.5
KEY-20190413CHINC-515,RAW-20190413CHINC-3037,20190413CHINC,2,67:05,67:25,45,CHI,recovery,\N,95.6,8.7
KEY-20190413CHINC-516,RAW-20190413CHINC-3038,20190413CHINC,2,67:06,67:26,45,CHI,challenge,0,94.3,4.4
KEY-20190413CHINC-517,RAW-20190413CHINC-3039,20190413CHINC,2,67:06,67:26,254,NC,tackle,1,10.7,63.6
KEY-20190413CHINC-518,RAW-20190413CHINC-3040,20190413CHINC,2,67:06,67:26,254,NC,challenge,1,10.7,63.6
KEY-20190413CHINC-519,RAW-20190413CHINC-3053,20190413CHINC,2,67:29,67:49,142,CHI,challenge,0,86.3,5.9
KEY-20190413CHINC-520,RAW-20190413CHINC-3054,20190413CHINC,2,67:29,67:49,244,NC,challenge,1,18.7,62.1
KEY-20190413CHINC-521,RAW-20190413CHINC-3055,20190413CHINC,2,67:29,67:49,244,NC,tackle,1,18.7,62.1
KEY-20190413CHINC-522,RAW-20190413CHINC-3056,20190413CHINC,2,67:29,67:49,142,CHI,take_on,0,86.3,5.9
KEY-20190413CHINC-523,RAW-20190413CHINC-3062,20190413CHINC,2,67:36,67:56,142,CHI,recovery,\N,83.6,1.5
KEY-20190413CHINC-524,RAW-20190413CHINC-3079,20190413CHINC,2,67:51,68:11,92,NC,foul,\N,24.1,57.8
KEY-20190413CHINC-525,RAW-20190413CHINC-3089,20190413CHINC,2,68:44,69:04,117,CHI,recovery,\N,78.3,50.0
KEY-20190413CHINC-526,RAW-20190413CHINC-3091,20190413CHINC,2,68:46,69:06,146,NC,tackle,0,30.0,19.7
KEY-20190413CHINC-527,RAW-20190413CHINC-3092,20190413CHINC,2,68:46,69:06,146,NC,challenge,0,30.0,19.7
KEY-20190413CHINC-528,RAW-20190413CHINC-3093,20190413CHINC,2,68:46,69:06,117,CHI,take_on,1,75.0,48.3
KEY-20190413CHINC-529,RAW-20190413CHINC-3103,20190413CHINC,2,68:52,69:12,152,NC,recovery,\N,20.0,36.4
KEY-20190413CHINC-530,RAW-20190413CHINC-3108,20190413CHINC,2,68:59,69:19,160,CHI,recovery,\N,25.4,49.4
KEY-20190413CHINC-531,RAW-20190413CHINC-3113,20190413CHINC,2,69:07,69:27,140,NC,recovery,\N,13.9,6.8
KEY-20190413CHINC-532,RAW-20190413CHINC-3117,20190413CHINC,2,69:16,69:36,140,NC,dribble,1,24.6,4.0
KEY-20190413CHINC-533,RAW-20190413CHINC-3126,20190413CHINC,2,69:27,69:47,222,CHI,recovery,\N,33.4,44.1
KEY-20190413CHINC-534,RAW-20190413CHINC-3129,20190413CHINC,2,69:29,69:49,42,NC,recovery,\N,42.2,18.0
KEY-20190413CHINC-535,RAW-20190413CHINC-3163,20190413CHINC,2,70:41,71:01,54,NC,dribble,1,85.7,10.5
KEY-20190413CHINC-536,RAW-20190413CHINC-3169,20190413CHINC,2,70:47,71:07,161,CHI,recovery,\N,29.4,36.1
KEY-20190413CHINC-537,RAW-20190413CHINC-3170,20190413CHINC,2,70:49,71:09,161,CHI,take_on,1,29.8,31.9
KEY-20190413CHINC-538,RAW-20190413CHINC-3171,20190413CHINC,2,70:49,71:09,83,NC,tackle,0,75.2,36.1
KEY-20190413CHINC-539,RAW-20190413CHINC-3172,20190413CHINC,2,70:49,71:09,83,NC,challenge,0,75.2,36.1
KEY-20190413CHINC-540,RAW-20190413CHINC-3174,20190413CHINC,2,70:52,71:12,80,CHI,dribble,1,28.3,10.1
KEY-20190413CHINC-541,RAW-20190413CHINC-3180,20190413CHINC,2,71:01,71:21,152,NC,recovery,\N,51.0,40.2
KEY-20190413CHINC-542,RAW-20190413CHINC-3189,20190413CHINC,2,71:11,71:31,80,CHI,recovery,\N,18.1,7.5
KEY-20190413CHINC-543,RAW-20190413CHINC-3225,20190413CHINC,2,72:22,72:42,140,NC,recovery,\N,86.9,18.8
KEY-20190413CHINC-544,RAW-20190413CHINC-3229,20190413CHINC,2,72:23,72:43,222,CHI,recovery,\N,14.9,34.6
KEY-20190413CHINC-545,RAW-20190413CHINC-3234,20190413CHINC,2,72:29,72:49,169,NC,tackle,0,67.0,28.2
KEY-20190413CHINC-546,RAW-20190413CHINC-3235,20190413CHINC,2,72:29,72:49,169,NC,challenge,0,67.0,28.2
KEY-20190413CHINC-547,RAW-20190413CHINC-3236,20190413CHINC,2,72:29,72:49,117,CHI,take_on,1,38.0,39.8
KEY-20190413CHINC-548,RAW-20190413CHINC-3237,20190413CHINC,2,72:29,72:49,117,CHI,recovery,\N,38.0,39.8
KEY-20190413CHINC-549,RAW-20190413CHINC-3240,20190413CHINC,2,72:30,72:50,117,CHI,dribble,1,40.5,36.6
KEY-20190413CHINC-550,RAW-20190413CHINC-3259,20190413CHINC,2,72:43,73:03,163,CHI,recovery,\N,45.6,23.9
KEY-20190413CHINC-551,RAW-20190413CHINC-3267,20190413CHINC,2,72:47,73:07,152,NC,recovery,\N,45.8,43.0
KEY-20190413CHINC-552,RAW-20190413CHINC-3280,20190413CHINC,2,72:56,73:16,54,NC,dribble,1,63.0,5.3
KEY-20190413CHINC-553,RAW-20190413CHINC-3284,20190413CHINC,2,73:03,73:23,247,CHI,tackle,1,7.1,60.7
KEY-20190413CHINC-554,RAW-20190413CHINC-3287,20190413CHINC,2,73:03,73:23,188,NC,challenge,0,97.9,7.3
KEY-20190413CHINC-555,RAW-20190413CHINC-3288,20190413CHINC,2,73:03,73:23,247,CHI,challenge,1,7.1,60.7
KEY-20190413CHINC-556,RAW-20190413CHINC-3299,20190413CHINC,2,73:29,73:49,188,NC,challenge,0,97.2,36.6
KEY-20190413CHINC-557,RAW-20190413CHINC-3300,20190413CHINC,2,73:29,73:49,142,CHI,challenge,1,7.8,31.4
KEY-20190413CHINC-558,RAW-20190413CHINC-3313,20190413CHINC,2,74:09,74:29,65,CHI,challenge,0,5.0,26.9
KEY-20190413CHINC-559,RAW-20190413CHINC-3314,20190413CHINC,2,74:09,74:29,244,NC,challenge,1,100.0,41.1
KEY-20190413CHINC-560,RAW-20190413CHINC-3321,20190413CHINC,2,74:12,74:32,54,NC,recovery,\N,94.9,25.0
KEY-20190413CHINC-561,RAW-20190413CHINC-3336,20190413CHINC,2,74:37,74:57,142,CHI,challenge,0,1.7,22.5
KEY-20190413CHINC-562,RAW-20190413CHINC-3339,20190413CHINC,2,74:37,74:57,244,NC,challenge,1,103.3,45.5
KEY-20190413CHINC-563,RAW-20190413CHINC-3341,20190413CHINC,2,74:39,74:59,64,NC,recovery,\N,94.7,45.5
KEY-20190413CHINC-564,RAW-20190413CHINC-3357,20190413CHINC,2,74:52,75:12,169,NC,recovery,\N,69.7,35.7
KEY-20190413CHINC-565,RAW-20190413CHINC-3359,20190413CHINC,2,74:53,75:13,140,NC,dribble,1,72.9,21.4
KEY-20190413CHINC-566,RAW-20190413CHINC-3369,20190413CHINC,2,74:59,75:19,188,NC,recovery,\N,88.4,30.6
KEY-20190413CHINC-567,RAW-20190413CHINC-3370,20190413CHINC,2,75:00,75:20,188,NC,take_on,1,89.5,31.4
KEY-20190413CHINC-568,RAW-20190413CHINC-3371,20190413CHINC,2,75:00,75:20,163,CHI,challenge,0,15.5,36.6
KEY-20190413CHINC-569,RAW-20190413CHINC-3373,20190413CHINC,2,75:00,75:20,163,CHI,tackle,0,15.5,36.6
KEY-20190413CHINC-570,RAW-20190413CHINC-3379,20190413CHINC,2,75:01,75:21,152,NC,recovery,\N,92.2,26.9
KEY-20190413CHINC-571,RAW-20190413CHINC-3381,20190413CHINC,2,75:02,75:22,152,NC,dribble,1,92.4,26.9
KEY-20190413CHINC-572,RAW-20190413CHINC-3383,20190413CHINC,2,75:04,75:24,77,CHI,tackle,1,6.1,45.8
KEY-20190413CHINC-573,RAW-20190413CHINC-3384,20190413CHINC,2,75:04,75:24,77,CHI,challenge,1,6.1,45.8
KEY-20190413CHINC-574,RAW-20190413CHINC-3386,20190413CHINC,2,75:04,75:24,152,NC,challenge,0,98.9,22.2
KEY-20190413CHINC-575,RAW-20190413CHINC-3388,20190413CHINC,2,75:05,75:25,247,CHI,recovery,\N,4.6,48.3
KEY-20190413CHINC-576,RAW-20190413CHINC-3398,20190413CHINC,2,75:33,75:53,117,CHI,challenge,1,5.5,33.5
KEY-20190413CHINC-577,RAW-20190413CHINC-3401,20190413CHINC,2,75:33,75:53,83,NC,challenge,0,99.5,34.5
KEY-20190413CHINC-578,RAW-20190413CHINC-3403,20190413CHINC,2,75:36,75:56,45,CHI,challenge,0,13.4,30.3
KEY-20190413CHINC-579,RAW-20190413CHINC-3406,20190413CHINC,2,75:36,75:56,244,NC,challenge,1,91.6,37.7
KEY-20190413CHINC-580,RAW-20190413CHINC-3409,20190413CHINC,2,75:36,75:56,45,CHI,challenge,1,13.2,30.7
KEY-20190413CHINC-581,RAW-20190413CHINC-3410,20190413CHINC,2,75:36,75:56,244,NC,challenge,0,91.8,37.3
KEY-20190413CHINC-582,RAW-20190413CHINC-3416,20190413CHINC,2,75:39,75:59,65,CHI,recovery,\N,13.9,24.3
KEY-20190413CHINC-583,RAW-20190413CHINC-3442,20190413CHINC,2,76:17,76:37,163,CHI,recovery,\N,35.7,10.7
KEY-20190413CHINC-584,RAW-20190413CHINC-3447,20190413CHINC,2,76:21,76:41,152,NC,recovery,\N,44.1,49.5
KEY-20190413CHINC-585,RAW-20190413CHINC-3451,20190413CHINC,2,76:23,76:43,65,CHI,challenge,1,37.0,15.1
KEY-20190413CHINC-586,RAW-20190413CHINC-3452,20190413CHINC,2,76:23,76:43,188,NC,challenge,0,68.0,52.9
KEY-20190413CHINC-587,RAW-20190413CHINC-3459,20190413CHINC,2,76:25,76:45,244,NC,recovery,\N,74.3,54.1
KEY-20190413CHINC-588,RAW-20190413CHINC-3462,20190413CHINC,2,76:29,76:49,188,NC,challenge,0,82.3,30.7
KEY-20190413CHINC-589,RAW-20190413CHINC-3465,20190413CHINC,2,76:29,76:49,45,CHI,challenge,1,22.7,37.3
KEY-20190413CHINC-590,RAW-20190413CHINC-3466,20190413CHINC,2,76:29,76:49,45,CHI,tackle,1,22.7,37.3
KEY-20190413CHINC-591,RAW-20190413CHINC-3467,20190413CHINC,2,76:29,76:49,188,NC,take_on,0,82.3,30.7
KEY-20190413CHINC-592,RAW-20190413CHINC-3470,20190413CHINC,2,76:30,76:50,163,CHI,recovery,\N,19.7,33.7
KEY-20190413CHINC-593,RAW-20190413CHINC-3476,20190413CHINC,2,76:33,76:53,169,NC,recovery,\N,68.2,28.8
KEY-20190413CHINC-594,RAW-20190413CHINC-3480,20190413CHINC,2,76:34,76:54,45,CHI,recovery,\N,24.6,39.0
KEY-20190413CHINC-595,RAW-20190413CHINC-3485,20190413CHINC,2,76:37,76:57,117,CHI,challenge,0,51.9,29.4
KEY-20190413CHINC-596,RAW-20190413CHINC-3487,20190413CHINC,2,76:37,76:57,64,NC,challenge,1,53.1,38.6
KEY-20190413CHINC-597,RAW-20190413CHINC-3489,20190413CHINC,2,76:38,76:58,92,NC,recovery,\N,49.8,53.1
KEY-20190413CHINC-598,RAW-20190413CHINC-3498,20190413CHINC,2,76:48,77:08,42,NC,dribble,1,40.1,17.1
KEY-20190413CHINC-599,RAW-20190413CHINC-3505,20190413CHINC,2,76:56,77:16,65,CHI,recovery,\N,21.4,32.6
KEY-20190413CHINC-600,RAW-20190413CHINC-3508,20190413CHINC,2,76:59,77:19,77,CHI,recovery,\N,30.0,48.2
KEY-20190413CHINC-601,RAW-20190413CHINC-3514,20190413CHINC,2,77:08,77:28,169,NC,recovery,\N,70.1,7.5
KEY-20190413CHINC-602,RAW-20190413CHINC-3540,20190413CHINC,2,78:12,78:32,160,CHI,save,\N,13.2,32.4
KEY-20190413CHINC-603,RAW-20190413CHINC-3543,20190413CHINC,2,78:12,78:32,64,NC,challenge,1,91.8,35.6
KEY-20190413CHINC-604,RAW-20190413CHINC-3545,20190413CHINC,2,78:12,78:32,163,CHI,challenge,0,13.2,32.4
KEY-20190413CHINC-605,RAW-20190413CHINC-3555,20190413CHINC,2,78:33,78:53,163,CHI,challenge,0,12.4,32.8
KEY-20190413CHINC-606,RAW-20190413CHINC-3557,20190413CHINC,2,78:33,78:53,64,NC,challenge,1,92.6,35.2
KEY-20190413CHINC-607,RAW-20190413CHINC-3560,20190413CHINC,2,78:35,78:55,160,CHI,recovery,\N,1.7,33.0
KEY-20190413CHINC-608,RAW-20190413CHINC-3571,20190413CHINC,2,79:10,79:30,65,CHI,challenge,1,33.8,50.5
KEY-20190413CHINC-609,RAW-20190413CHINC-3574,20190413CHINC,2,79:10,79:30,188,NC,challenge,0,71.2,17.5
KEY-20190413CHINC-610,RAW-20190413CHINC-3575,20190413CHINC,2,79:11,79:31,188,NC,foul,\N,71.6,17.5
KEY-20190413CHINC-611,RAW-20190413CHINC-3579,20190413CHINC,2,79:44,80:04,42,NC,recovery,\N,8.4,13.0
KEY-20190413CHINC-612,RAW-20190413CHINC-3585,20190413CHINC,2,79:56,80:16,34,CHI,recovery,\N,82.5,65.0
KEY-20190413CHINC-613,RAW-20190413CHINC-3592,20190413CHINC,2,80:02,80:22,42,NC,recovery,\N,18.3,6.1
KEY-20190413CHINC-614,RAW-20190413CHINC-3597,20190413CHINC,2,80:07,80:27,160,CHI,recovery,\N,29.0,46.3
KEY-20190413CHINC-615,RAW-20190413CHINC-3605,20190413CHINC,2,80:11,80:31,222,CHI,challenge,0,40.7,44.3
KEY-20190413CHINC-616,RAW-20190413CHINC-3606,20190413CHINC,2,80:11,80:31,54,NC,challenge,1,64.3,23.7
KEY-20190413CHINC-617,RAW-20190413CHINC-3609,20190413CHINC,2,80:12,80:32,54,NC,dribble,1,64.5,27.4
KEY-20190413CHINC-618,RAW-20190413CHINC-3610,20190413CHINC,2,80:16,80:36,77,CHI,tackle,1,30.2,33.9
KEY-20190413CHINC-619,RAW-20190413CHINC-3612,20190413CHINC,2,80:16,80:36,54,NC,challenge,0,74.8,34.1
KEY-20190413CHINC-620,RAW-20190413CHINC-3613,20190413CHINC,2,80:16,80:36,77,CHI,challenge,1,30.2,33.9
KEY-20190413CHINC-621,RAW-20190413CHINC-3626,20190413CHINC,2,80:23,80:43,222,CHI,challenge,0,37.8,25.6
KEY-20190413CHINC-622,RAW-20190413CHINC-3627,20190413CHINC,2,80:23,80:43,169,NC,challenge,1,67.2,42.4
KEY-20190413CHINC-623,RAW-20190413CHINC-3631,20190413CHINC,2,80:28,80:48,92,NC,dribble,1,70.3,62.1
KEY-20190413CHINC-624,RAW-20190413CHINC-3639,20190413CHINC,2,80:33,80:53,222,CHI,recovery,\N,13.9,30.2
KEY-20190413CHINC-625,RAW-20190413CHINC-3646,20190413CHINC,2,80:40,81:00,142,CHI,recovery,\N,33.4,2.2
KEY-20190413CHINC-626,RAW-20190413CHINC-3652,20190413CHINC,2,80:46,81:06,117,CHI,dribble,1,75.4,14.3
KEY-20190413CHINC-627,RAW-20190413CHINC-3685,20190413CHINC,2,81:54,82:14,45,CHI,recovery,\N,31.9,57.1
KEY-20190413CHINC-628,RAW-20190413CHINC-3691,20190413CHINC,2,81:57,82:17,140,NC,recovery,\N,59.8,15.0
KEY-20190413CHINC-629,RAW-20190413CHINC-3694,20190413CHINC,2,81:59,82:19,152,NC,dribble,1,58.4,33.0
KEY-20190413CHINC-630,RAW-20190413CHINC-3706,20190413CHINC,2,82:07,82:27,163,CHI,challenge,1,8.8,41.3
KEY-20190413CHINC-631,RAW-20190413CHINC-3707,20190413CHINC,2,82:07,82:27,188,NC,challenge,0,96.2,26.7
KEY-20190413CHINC-632,RAW-20190413CHINC-3713,20190413CHINC,2,82:40,83:00,34,CHI,challenge,0,49.1,53.0
KEY-20190413CHINC-633,RAW-20190413CHINC-3716,20190413CHINC,2,82:40,83:00,169,NC,challenge,1,55.9,15.0
KEY-20190413CHINC-634,RAW-20190413CHINC-3727,20190413CHINC,2,82:58,83:18,64,NC,recovery,\N,28.6,21.3
KEY-20190413CHINC-635,RAW-20190413CHINC-3728,20190413CHINC,2,83:00,83:20,77,CHI,recovery,\N,71.4,51.7
KEY-20190413CHINC-636,RAW-20190413CHINC-3736,20190413CHINC,2,83:03,83:23,64,NC,challenge,0,27.5,35.0
KEY-20190413CHINC-637,RAW-20190413CHINC-3737,20190413CHINC,2,83:03,83:23,64,NC,tackle,0,27.5,35.0
KEY-20190413CHINC-638,RAW-20190413CHINC-3738,20190413CHINC,2,83:03,83:23,117,CHI,take_on,1,77.5,33.0
KEY-20190413CHINC-639,RAW-20190413CHINC-3748,20190413CHINC,2,83:11,83:31,92,NC,recovery,\N,1.9,59.1
KEY-20190413CHINC-640,RAW-20190413CHINC-3750,20190413CHINC,2,83:16,83:36,222,CHI,foul,\N,65.1,2.0
KEY-20190413CHINC-641,RAW-20190413CHINC-3751,20190413CHINC,2,83:16,83:36,222,CHI,tackle,0,65.5,2.0
KEY-20190413CHINC-642,RAW-20190413CHINC-3752,20190413CHINC,2,83:16,83:36,54,NC,take_on,1,39.5,66.0
KEY-20190413CHINC-643,RAW-20190413CHINC-3753,20190413CHINC,2,83:16,83:36,222,CHI,challenge,0,65.5,2.0
KEY-20190413CHINC-644,RAW-20190413CHINC-3757,20190413CHINC,2,83:33,83:53,152,NC,dribble,1,38.0,46.3
KEY-20190413CHINC-645,RAW-20190413CHINC-3767,20190413CHINC,2,83:45,84:05,163,CHI,recovery,\N,21.2,36.7
KEY-20190413CHINC-646,RAW-20190413CHINC-3774,20190413CHINC,2,84:04,84:24,188,NC,challenge,1,75.6,18.2
KEY-20190413CHINC-647,RAW-20190413CHINC-3779,20190413CHINC,2,84:04,84:24,65,CHI,challenge,0,29.4,49.8
KEY-20190413CHINC-648,RAW-20190413CHINC-3783,20190413CHINC,2,84:06,84:26,45,CHI,recovery,\N,21.0,52.8
KEY-20190413CHINC-649,RAW-20190413CHINC-3789,20190413CHINC,2,84:08,84:28,188,NC,challenge,0,78.3,23.7
KEY-20190413CHINC-650,RAW-20190413CHINC-3790,20190413CHINC,2,84:08,84:28,222,CHI,challenge,1,26.7,44.3
KEY-20190413CHINC-651,RAW-20190413CHINC-3791,20190413CHINC,2,84:08,84:28,222,CHI,tackle,1,26.7,44.3
KEY-20190413CHINC-652,RAW-20190413CHINC-3796,20190413CHINC,2,84:11,84:31,244,NC,recovery,\N,75.2,13.3
KEY-20190413CHINC-653,RAW-20190413CHINC-3798,20190413CHINC,2,84:11,84:31,244,NC,dribble,1,77.5,12.2
KEY-20190413CHINC-654,RAW-20190413CHINC-3807,20190413CHINC,2,85:11,85:31,77,CHI,challenge,0,47.2,46.1
KEY-20190413CHINC-655,RAW-20190413CHINC-3808,20190413CHINC,2,85:11,85:31,169,NC,challenge,1,57.8,21.9
KEY-20190413CHINC-656,RAW-20190413CHINC-3820,20190413CHINC,2,85:29,85:49,140,NC,recovery,\N,68.2,4.6
KEY-20190413CHINC-657,RAW-20190413CHINC-3823,20190413CHINC,2,85:33,85:53,77,CHI,recovery,\N,29.8,51.9
KEY-20190413CHINC-658,RAW-20190413CHINC-3830,20190413CHINC,2,85:38,85:58,234,CHI,foul,\N,43.9,60.2
KEY-20190413CHINC-659,RAW-20190413CHINC-3834,20190413CHINC,2,85:38,85:58,234,CHI,challenge,0,44.1,60.2
KEY-20190413CHINC-660,RAW-20190413CHINC-3835,20190413CHINC,2,85:38,85:58,140,NC,challenge,1,60.9,7.8
KEY-20190413CHINC-661,RAW-20190413CHINC-3851,20190413CHINC,2,86:31,86:51,152,NC,challenge,1,46.2,21.5
KEY-20190413CHINC-662,RAW-20190413CHINC-3852,20190413CHINC,2,86:31,86:51,117,CHI,challenge,0,58.8,46.5
KEY-20190413CHINC-663,RAW-20190413CHINC-3857,20190413CHINC,2,86:44,87:04,140,NC,challenge,0,25.8,5.2
KEY-20190413CHINC-664,RAW-20190413CHINC-3858,20190413CHINC,2,86:44,87:04,234,CHI,challenge,1,79.2,62.8
KEY-20190413CHINC-665,RAW-20190413CHINC-3861,20190413CHINC,2,86:47,87:07,42,NC,challenge,0,11.1,6.5
KEY-20190413CHINC-666,RAW-20190413CHINC-3863,20190413CHINC,2,86:47,87:07,234,CHI,challenge,1,93.9,61.5
KEY-20190413CHINC-667,RAW-20190413CHINC-3865,20190413CHINC,2,86:48,87:08,234,CHI,recovery,\N,95.1,61.3
KEY-20190413CHINC-668,RAW-20190413CHINC-3876,20190413CHINC,2,86:54,87:14,54,NC,recovery,\N,20.2,20.4
KEY-20190413CHINC-669,RAW-20190413CHINC-3878,20190413CHINC,2,87:45,88:05,125,NC,recovery,\N,11.6,22.8
KEY-20190413CHINC-670,RAW-20190413CHINC-3888,20190413CHINC,2,88:02,88:22,163,CHI,challenge,0,32.3,34.8
KEY-20190413CHINC-671,RAW-20190413CHINC-3891,20190413CHINC,2,88:02,88:22,188,NC,challenge,1,72.7,33.2
KEY-20190413CHINC-672,RAW-20190413CHINC-3896,20190413CHINC,2,88:04,88:24,83,NC,recovery,\N,78.3,40.8
KEY-20190413CHINC-673,RAW-20190413CHINC-3901,20190413CHINC,2,88:05,88:25,65,CHI,recovery,\N,22.9,37.2
KEY-20190413CHINC-674,RAW-20190413CHINC-3905,20190413CHINC,2,88:08,88:28,152,NC,recovery,\N,65.1,40.6
KEY-20190413CHINC-675,RAW-20190413CHINC-3907,20190413CHINC,2,88:09,88:29,152,NC,dribble,1,69.5,43.0
KEY-20190413CHINC-676,RAW-20190413CHINC-3924,20190413CHINC,2,88:29,88:49,234,CHI,tackle,0,29.4,65.8
KEY-20190413CHINC-677,RAW-20190413CHINC-3925,20190413CHINC,2,88:29,88:49,234,CHI,challenge,0,29.4,65.8
KEY-20190413CHINC-678,RAW-20190413CHINC-3926,20190413CHINC,2,88:29,88:49,140,NC,take_on,1,75.6,2.2
KEY-20190413CHINC-679,RAW-20190413CHINC-3928,20190413CHINC,2,88:30,88:50,140,NC,dribble,1,74.3,2.8
KEY-20190413CHINC-680,RAW-20190413CHINC-3930,20190413CHINC,2,88:32,88:52,234,CHI,foul,\N,24.8,56.1
KEY-20190413CHINC-681,RAW-20190413CHINC-3950,20190413CHINC,2,90:13,90:33,54,NC,dribble,1,68.9,64.5
KEY-20190413CHINC-682,RAW-20190413CHINC-3961,20190413CHINC,2,90:23,90:43,83,NC,recovery,\N,78.1,22.2
KEY-20190413CHINC-683,RAW-20190413CHINC-3962,20190413CHINC,2,90:24,90:44,49,CHI,challenge,0,26.5,46.1
KEY-20190413CHINC-684,RAW-20190413CHINC-3965,20190413CHINC,2,90:24,90:44,83,NC,take_on,1,78.5,21.9
KEY-20190413CHINC-685,RAW-20190413CHINC-3966,20190413CHINC,2,90:24,90:44,49,CHI,tackle,0,26.5,46.1
KEY-20190413CHINC-686,RAW-20190413CHINC-3967,20190413CHINC,2,90:24,90:44,49,CHI,foul,\N,26.2,46.1
KEY-20190413CHINC-687,RAW-20190413CHINC-3981,20190413CHINC,2,91:38,91:58,188,NC,challenge,0,70.6,25.0
KEY-20190413CHINC-688,RAW-20190413CHINC-3983,20190413CHINC,2,91:38,91:58,222,CHI,challenge,1,34.4,43.0
KEY-20190413CHINC-689,RAW-20190413CHINC-3987,20190413CHINC,2,91:39,91:59,117,CHI,challenge,1,41.4,41.1
KEY-20190413CHINC-690,RAW-20190413CHINC-3988,20190413CHINC,2,91:39,91:59,169,NC,challenge,0,63.6,26.9
KEY-20190413CHINC-691,RAW-20190413CHINC-3992,20190413CHINC,2,91:39,91:59,169,NC,foul,\N,64.3,27.2
KEY-20190413CHINC-692,RAW-20190413CHINC-3998,20190413CHINC,2,92:10,92:30,234,CHI,recovery,\N,90.3,59.7
KEY-20190413CHINC-693,RAW-20190413CHINC-4014,20190413CHINC,2,92:13,92:33,64,NC,recovery,\N,0.2,35.8
KEY-20190413CHINC-694,RAW-20190413CHINC-4018,20190413CHINC,2,92:27,92:47,140,NC,challenge,0,9.0,7.6
KEY-20190413CHINC-695,RAW-20190413CHINC-4019,20190413CHINC,2,92:27,92:47,234,CHI,challenge,1,96.0,60.4
KEY-20190413CHINC-696,RAW-20190413CHINC-4021,20190413CHINC,2,92:30,92:50,234,CHI,recovery,\N,102.9,59.5
KEY-20190413CHINC-697,RAW-20190413CHINC-4029,20190413CHINC,2,92:35,92:55,169,NC,tackle,1,17.2,15.9
KEY-20190413CHINC-698,RAW-20190413CHINC-4030,20190413CHINC,2,92:35,92:55,77,CHI,take_on,0,87.8,52.1
KEY-20190413CHINC-699,RAW-20190413CHINC-4031,20190413CHINC,2,92:35,92:55,169,NC,challenge,1,17.2,15.9
KEY-20190413CHINC-700,RAW-20190413CHINC-4032,20190413CHINC,2,92:35,92:55,77,CHI,challenge,0,87.8,52.1
KEY-20190413CHINC-701,RAW-20190413CHINC-4039,20190413CHINC,2,92:39,92:59,45,CHI,recovery,\N,73.9,54.7
KEY-20190413CHINC-702,RAW-20190413CHINC-4049,20190413CHINC,2,93:00,93:20,244,NC,challenge,0,73.1,33.0
KEY-20190413CHINC-703,RAW-20190413CHINC-4050,20190413CHINC,2,93:00,93:20,222,CHI,challenge,1,31.9,35.0
KEY-20190413CHINC-704,RAW-20190413CHINC-4056,20190413CHINC,2,93:02,93:22,49,CHI,challenge,0,35.7,30.2
KEY-20190413CHINC-705,RAW-20190413CHINC-4057,20190413CHINC,2,93:02,93:22,152,NC,challenge,1,69.3,37.8
KEY-20190413CHINC-706,RAW-20190413CHINC-4061,20190413CHINC,2,93:03,93:23,80,CHI,recovery,\N,25.0,25.6
KEY-20190413CHINC-707,RAW-20190413CHINC-4063,20190413CHINC,2,93:05,93:25,188,NC,challenge,0,80.2,45.2
KEY-20190413CHINC-708,RAW-20190413CHINC-4064,20190413CHINC,2,93:05,93:25,80,CHI,take_on,1,24.8,22.8
KEY-20190413CHINC-709,RAW-20190413CHINC-4065,20190413CHINC,2,93:05,93:25,188,NC,tackle,0,80.2,45.2
KEY-20190413CHINC-710,RAW-20190413CHINC-4068,20190413CHINC,2,93:05,93:25,80,CHI,dribble,1,27.7,19.6
