ID,raw_event_ID,game_ID,half,start_time,end_time,player_ID,team_ID,start_pos_x,start_pos_y,receiver,end_pos_x,end_pos_y,successful,cross
PASS-20190413CHINC-0,RAW-20190413CHINC-0,20190413CHINC,1,0:14,0:34,254,NC,52.9,33.6,42.0,35.7,35.8,1,0
PASS-20190413CHINC-1,RAW-20190413CHINC-3,20190413CHINC,1,0:16,0:36,42,NC,35.7,35.8,163.0,74.4,41.6,0,0
PASS-20190413CHINC-2,RAW-20190413CHINC-5,20190413CHINC,1,0:20,0:40,163,CHI,30.6,26.4,34.0,46.3,20.5,1,0
PASS-20190413CHINC-3,RAW-20190413CHINC-11,20190413CHINC,1,0:22,0:42,254,NC,58.7,47.5,169.0,63.9,49.2,1,0
PASS-20190413CHINC-4,RAW-20190413CHINC-18,20190413CHINC,1,0:24,0:44,169,NC,57.1,46.0,117.0,49.0,37.6,0,0
PASS-20190413CHINC-5,RAW-20190413CHINC-24,20190413CHINC,1,0:27,0:47,117,CHI,54.1,28.9,161.0,84.3,30.5,1,0
PASS-20190413CHINC-6,RAW-20190413CHINC-28,20190413CHINC,1,0:28,0:48,161,CHI,62.3,26.1,64.0,84.3,30.5,0,0
PASS-20190413CHINC-7,RAW-20190413CHINC-31,20190413CHINC,1,0:31,0:51,64,NC,20.7,37.5,125.0,15.0,33.4,1,0
PASS-20190413CHINC-8,RAW-20190413CHINC-32,20190413CHINC,1,0:36,0:56,125,NC,15.0,33.4,92.0,21.7,62.9,1,0
PASS-20190413CHINC-9,RAW-20190413CHINC-33,20190413CHINC,1,0:40,1:00,92,NC,21.7,62.9,64.0,20.2,49.3,1,0
PASS-20190413CHINC-10,RAW-20190413CHINC-34,20190413CHINC,1,0:46,1:06,64,NC,20.2,49.3,42.0,27.2,18.9,1,0
PASS-20190413CHINC-11,RAW-20190413CHINC-35,20190413CHINC,1,0:52,1:12,42,NC,27.2,18.9,64.0,28.7,48.1,1,0
PASS-20190413CHINC-12,RAW-20190413CHINC-36,20190413CHINC,1,0:56,1:16,64,NC,28.7,48.1,92.0,74.0,55.7,1,0
PASS-20190413CHINC-13,RAW-20190413CHINC-38,20190413CHINC,1,0:59,1:19,92,NC,38.2,59.0,80.0,74.0,55.7,0,0
PASS-20190413CHINC-14,RAW-20190413CHINC-40,20190413CHINC,1,1:02,1:22,80,CHI,34.9,10.1,142.0,45.7,8.4,1,0
PASS-20190413CHINC-15,RAW-20190413CHINC-41,20190413CHINC,1,1:03,1:23,142,CHI,45.7,8.4,65.0,90.7,33.2,1,0
PASS-20190413CHINC-16,RAW-20190413CHINC-44,20190413CHINC,1,1:04,1:24,65,CHI,45.2,16.3,125.0,90.7,33.2,0,0
PASS-20190413CHINC-17,RAW-20190413CHINC-46,20190413CHINC,1,1:10,1:30,125,NC,14.7,33.4,42.0,39.8,14.4,1,0
PASS-20190413CHINC-18,RAW-20190413CHINC-47,20190413CHINC,1,1:17,1:37,42,NC,39.8,14.4,45.0,67.1,9.7,0,0
PASS-20190413CHINC-19,RAW-20190413CHINC-49,20190413CHINC,1,1:19,1:39,45,CHI,37.9,58.3,140.0,48.2,68.0,0,0
PASS-20190413CHINC-20,RAW-20190413CHINC-51,20190413CHINC,1,1:30,1:50,140,NC,56.8,0.0,54.0,62.1,5.0,1,0
PASS-20190413CHINC-21,RAW-20190413CHINC-54,20190413CHINC,1,1:32,1:52,54,NC,60.6,7.6,140.0,57.4,3.3,1,0
PASS-20190413CHINC-22,RAW-20190413CHINC-58,20190413CHINC,1,1:34,1:54,140,NC,58.3,3.9,54.0,64.4,8.0,1,0
PASS-20190413CHINC-23,RAW-20190413CHINC-64,20190413CHINC,1,1:36,1:56,161,CHI,46.1,58.2,34.0,40.7,20.5,1,0
PASS-20190413CHINC-24,RAW-20190413CHINC-67,20190413CHINC,1,1:38,1:58,34,CHI,43.7,42.8,92.0,40.7,20.5,0,0
PASS-20190413CHINC-25,RAW-20190413CHINC-73,20190413CHINC,1,1:45,2:05,244,NC,63.3,59.6,254.0,55.7,50.7,1,0
PASS-20190413CHINC-26,RAW-20190413CHINC-78,20190413CHINC,1,1:49,2:09,254,NC,68.6,59.8,92.0,75.5,57.6,1,0
PASS-20190413CHINC-27,RAW-20190413CHINC-81,20190413CHINC,1,1:50,2:10,92,NC,73.0,53.8,244.0,65.6,56.1,1,0
PASS-20190413CHINC-28,RAW-20190413CHINC-83,20190413CHINC,1,1:53,2:13,244,NC,61.4,53.1,140.0,69.4,5.4,1,0
PASS-20190413CHINC-29,RAW-20190413CHINC-89,20190413CHINC,1,2:01,2:21,140,NC,91.1,8.0,146.0,97.9,33.4,1,1
PASS-20190413CHINC-30,RAW-20190413CHINC-99,20190413CHINC,1,2:33,2:53,42,NC,105.0,68.0,169.0,94.9,61.9,1,0
PASS-20190413CHINC-31,RAW-20190413CHINC-103,20190413CHINC,1,2:34,2:54,169,NC,92.4,60.8,92.0,76.9,48.4,1,0
PASS-20190413CHINC-32,RAW-20190413CHINC-106,20190413CHINC,1,2:38,2:58,92,NC,77.2,47.7,160.0,97.8,32.9,0,0
PASS-20190413CHINC-33,RAW-20190413CHINC-117,20190413CHINC,1,2:43,3:03,54,NC,77.4,33.6,34.0,88.1,45.3,0,0
PASS-20190413CHINC-34,RAW-20190413CHINC-121,20190413CHINC,1,2:45,3:05,34,CHI,16.9,22.7,142.0,23.2,26.3,1,0
PASS-20190413CHINC-35,RAW-20190413CHINC-123,20190413CHINC,1,2:47,3:07,142,CHI,23.2,26.3,117.0,35.6,26.5,1,0
PASS-20190413CHINC-36,RAW-20190413CHINC-129,20190413CHINC,1,2:51,3:11,254,NC,74.6,42.7,146.0,90.7,32.3,1,0
PASS-20190413CHINC-37,RAW-20190413CHINC-134,20190413CHINC,1,2:53,3:13,146,NC,90.7,32.3,244.0,89.4,44.4,1,0
PASS-20190413CHINC-38,RAW-20190413CHINC-149,20190413CHINC,1,3:20,3:40,160,CHI,5.1,34.4,65.0,45.8,24.2,1,0
PASS-20190413CHINC-39,RAW-20190413CHINC-150,20190413CHINC,1,3:24,3:44,254,NC,59.2,43.8,65.0,59.2,43.8,0,0
PASS-20190413CHINC-40,RAW-20190413CHINC-158,20190413CHINC,1,3:26,3:46,80,CHI,28.7,25.3,45.0,22.0,26.7,1,0
PASS-20190413CHINC-41,RAW-20190413CHINC-161,20190413CHINC,1,3:51,4:11,146,NC,92.9,68.0,152.0,93.3,41.5,1,0
PASS-20190413CHINC-42,RAW-20190413CHINC-171,20190413CHINC,1,4:00,4:20,161,CHI,26.8,37.0,254.0,30.3,32.5,0,0
PASS-20190413CHINC-43,RAW-20190413CHINC-180,20190413CHINC,1,4:04,4:24,254,NC,72.7,27.8,160.0,103.4,17.1,0,0
PASS-20190413CHINC-44,RAW-20190413CHINC-185,20190413CHINC,1,4:30,4:50,160,CHI,16.5,24.9,117.0,61.7,24.3,1,0
PASS-20190413CHINC-45,RAW-20190413CHINC-195,20190413CHINC,1,4:33,4:53,161,CHI,67.2,28.7,152.0,62.3,20.2,0,0
PASS-20190413CHINC-46,RAW-20190413CHINC-198,20190413CHINC,1,4:35,4:55,152,NC,42.7,47.8,92.0,32.9,58.3,1,0
PASS-20190413CHINC-47,RAW-20190413CHINC-203,20190413CHINC,1,4:38,4:58,92,NC,38.5,58.7,80.0,83.9,59.3,0,0
PASS-20190413CHINC-48,RAW-20190413CHINC-208,20190413CHINC,1,4:45,5:05,80,CHI,10.4,7.2,92.0,28.2,0.0,0,0
PASS-20190413CHINC-49,RAW-20190413CHINC-209,20190413CHINC,1,5:02,5:22,92,NC,76.8,68.0,146.0,78.1,57.4,1,0
PASS-20190413CHINC-50,RAW-20190413CHINC-219,20190413CHINC,1,5:04,5:24,142,CHI,27.8,8.6,34.0,35.0,13.5,1,0
PASS-20190413CHINC-51,RAW-20190413CHINC-222,20190413CHINC,1,5:05,5:25,34,CHI,35.0,13.5,65.0,28.9,14.0,1,0
PASS-20190413CHINC-52,RAW-20190413CHINC-224,20190413CHINC,1,5:05,5:25,65,CHI,28.9,14.0,117.0,40.4,13.3,1,0
PASS-20190413CHINC-53,RAW-20190413CHINC-227,20190413CHINC,1,5:09,5:29,117,CHI,36.2,7.9,142.0,28.5,5.8,1,0
PASS-20190413CHINC-54,RAW-20190413CHINC-229,20190413CHINC,1,5:10,5:30,142,CHI,28.5,5.8,65.0,31.5,15.2,1,0
PASS-20190413CHINC-55,RAW-20190413CHINC-238,20190413CHINC,1,5:14,5:34,65,CHI,41.7,22.1,92.0,58.5,16.0,0,0
PASS-20190413CHINC-56,RAW-20190413CHINC-249,20190413CHINC,1,5:21,5:41,42,NC,37.0,39.7,92.0,49.9,56.9,1,0
PASS-20190413CHINC-57,RAW-20190413CHINC-251,20190413CHINC,1,5:24,5:44,92,NC,46.7,53.5,54.0,55.9,44.8,1,0
PASS-20190413CHINC-58,RAW-20190413CHINC-254,20190413CHINC,1,5:26,5:46,54,NC,58.0,48.2,222.0,60.1,49.6,0,0
PASS-20190413CHINC-59,RAW-20190413CHINC-258,20190413CHINC,1,5:28,5:48,142,CHI,49.2,15.1,254.0,62.9,27.6,0,0
PASS-20190413CHINC-60,RAW-20190413CHINC-265,20190413CHINC,1,5:30,5:50,254,NC,42.1,40.4,64.0,18.0,51.1,1,0
PASS-20190413CHINC-61,RAW-20190413CHINC-266,20190413CHINC,1,5:36,5:56,64,NC,18.0,51.1,125.0,15.1,32.9,1,0
PASS-20190413CHINC-62,RAW-20190413CHINC-270,20190413CHINC,1,5:40,6:00,125,NC,18.1,31.2,42.0,27.6,22.5,1,0
PASS-20190413CHINC-63,RAW-20190413CHINC-272,20190413CHINC,1,5:43,6:03,42,NC,34.1,21.7,54.0,42.9,20.3,1,0
PASS-20190413CHINC-64,RAW-20190413CHINC-276,20190413CHINC,1,5:47,6:07,54,NC,38.5,25.7,64.0,30.8,44.6,1,0
PASS-20190413CHINC-65,RAW-20190413CHINC-278,20190413CHINC,1,5:50,6:10,64,NC,38.3,49.3,152.0,48.3,57.4,1,0
PASS-20190413CHINC-66,RAW-20190413CHINC-283,20190413CHINC,1,5:55,6:15,152,NC,65.2,58.9,146.0,73.6,49.9,1,0
PASS-20190413CHINC-67,RAW-20190413CHINC-285,20190413CHINC,1,5:56,6:16,146,NC,73.6,49.9,92.0,84.8,63.4,1,0
PASS-20190413CHINC-68,RAW-20190413CHINC-293,20190413CHINC,1,5:58,6:18,92,NC,86.0,63.2,45.0,91.6,36.1,0,1
PASS-20190413CHINC-69,RAW-20190413CHINC-297,20190413CHINC,1,6:05,6:25,80,CHI,6.3,5.8,146.0,8.5,0.0,0,0
PASS-20190413CHINC-70,RAW-20190413CHINC-298,20190413CHINC,1,6:16,6:36,146,NC,96.5,68.0,92.0,89.8,61.1,1,0
PASS-20190413CHINC-71,RAW-20190413CHINC-306,20190413CHINC,1,6:20,6:40,92,NC,90.8,60.3,163.0,91.9,48.9,0,1
PASS-20190413CHINC-72,RAW-20190413CHINC-315,20190413CHINC,1,6:22,6:42,80,CHI,12.5,10.2,117.0,36.5,15.1,1,0
PASS-20190413CHINC-73,RAW-20190413CHINC-317,20190413CHINC,1,6:25,6:45,117,CHI,36.5,15.1,64.0,36.5,15.1,0,0
PASS-20190413CHINC-74,RAW-20190413CHINC-323,20190413CHINC,1,6:26,6:46,254,NC,65.6,46.0,42.0,50.7,46.0,1,0
PASS-20190413CHINC-75,RAW-20190413CHINC-327,20190413CHINC,1,6:29,6:49,42,NC,50.9,38.0,140.0,55.9,22.4,1,0
PASS-20190413CHINC-76,RAW-20190413CHINC-330,20190413CHINC,1,6:32,6:52,140,NC,60.0,21.8,254.0,70.3,27.6,1,0
PASS-20190413CHINC-77,RAW-20190413CHINC-341,20190413CHINC,1,6:37,6:57,222,CHI,29.3,41.6,254.0,34.9,41.5,0,0
PASS-20190413CHINC-78,RAW-20190413CHINC-348,20190413CHINC,1,6:38,6:58,169,NC,76.4,26.4,244.0,81.2,22.9,1,0
PASS-20190413CHINC-79,RAW-20190413CHINC-351,20190413CHINC,1,6:39,6:59,244,NC,81.2,22.9,54.0,79.4,10.5,1,0
PASS-20190413CHINC-80,RAW-20190413CHINC-357,20190413CHINC,1,6:41,7:01,54,NC,92.0,7.6,80.0,90.0,67.7,0,1
PASS-20190413CHINC-81,RAW-20190413CHINC-358,20190413CHINC,1,7:07,7:27,80,CHI,15.0,0.3,117.0,31.5,14.9,1,0
PASS-20190413CHINC-82,RAW-20190413CHINC-359,20190413CHINC,1,7:08,7:28,117,CHI,31.5,14.9,142.0,27.8,5.3,1,0
PASS-20190413CHINC-83,RAW-20190413CHINC-360,20190413CHINC,1,7:10,7:30,142,CHI,27.8,5.3,117.0,33.5,18.0,1,0
PASS-20190413CHINC-84,RAW-20190413CHINC-361,20190413CHINC,1,7:12,7:32,117,CHI,33.5,18.0,254.0,36.6,21.3,0,0
PASS-20190413CHINC-85,RAW-20190413CHINC-365,20190413CHINC,1,7:14,7:34,34,CHI,32.2,14.5,142.0,33.3,5.0,1,0
PASS-20190413CHINC-86,RAW-20190413CHINC-366,20190413CHINC,1,7:15,7:35,142,CHI,33.3,5.0,152.0,40.2,9.1,0,0
PASS-20190413CHINC-87,RAW-20190413CHINC-369,20190413CHINC,1,7:21,7:41,142,CHI,32.9,0.0,34.0,34.7,11.6,1,0
PASS-20190413CHINC-88,RAW-20190413CHINC-372,20190413CHINC,1,7:22,7:42,34,CHI,37.9,12.0,142.0,37.8,2.6,1,0
PASS-20190413CHINC-89,RAW-20190413CHINC-376,20190413CHINC,1,7:24,7:44,142,CHI,34.9,5.4,80.0,23.8,9.3,1,0
PASS-20190413CHINC-90,RAW-20190413CHINC-379,20190413CHINC,1,7:27,7:47,80,CHI,28.0,10.8,142.0,35.0,4.0,1,0
PASS-20190413CHINC-91,RAW-20190413CHINC-381,20190413CHINC,1,7:28,7:48,142,CHI,34.4,5.3,92.0,50.0,0.0,0,0
PASS-20190413CHINC-92,RAW-20190413CHINC-384,20190413CHINC,1,7:40,8:00,92,NC,55.0,68.0,146.0,68.0,57.5,1,0
PASS-20190413CHINC-93,RAW-20190413CHINC-385,20190413CHINC,1,7:41,8:01,146,NC,68.0,57.5,65.0,68.6,50.6,0,0
PASS-20190413CHINC-94,RAW-20190413CHINC-390,20190413CHINC,1,7:42,8:02,65,CHI,38.1,16.6,34.0,84.8,3.5,1,0
PASS-20190413CHINC-95,RAW-20190413CHINC-392,20190413CHINC,1,7:44,8:04,34,CHI,50.8,10.8,64.0,84.8,3.5,0,0
PASS-20190413CHINC-96,RAW-20190413CHINC-395,20190413CHINC,1,7:49,8:09,64,NC,20.2,64.5,125.0,13.5,45.3,1,0
PASS-20190413CHINC-97,RAW-20190413CHINC-397,20190413CHINC,1,7:52,8:12,125,NC,14.0,46.0,64.0,26.4,51.7,1,0
PASS-20190413CHINC-98,RAW-20190413CHINC-399,20190413CHINC,1,7:53,8:13,64,NC,26.4,51.7,42.0,36.8,17.8,1,0
PASS-20190413CHINC-99,RAW-20190413CHINC-403,20190413CHINC,1,7:58,8:18,42,NC,38.6,19.9,54.0,46.2,28.6,1,0
PASS-20190413CHINC-100,RAW-20190413CHINC-405,20190413CHINC,1,8:01,8:21,54,NC,47.8,35.2,92.0,58.4,55.1,1,0
PASS-20190413CHINC-101,RAW-20190413CHINC-408,20190413CHINC,1,8:04,8:24,92,NC,61.3,51.3,163.0,78.0,42.0,0,0
PASS-20190413CHINC-102,RAW-20190413CHINC-412,20190413CHINC,1,8:05,8:25,163,CHI,27.0,26.0,92.0,58.0,0.0,0,0
PASS-20190413CHINC-103,RAW-20190413CHINC-415,20190413CHINC,1,8:12,8:32,92,NC,47.0,68.0,64.0,33.5,58.0,1,0
PASS-20190413CHINC-104,RAW-20190413CHINC-418,20190413CHINC,1,8:14,8:34,64,NC,37.1,58.5,92.0,44.1,64.4,1,0
PASS-20190413CHINC-105,RAW-20190413CHINC-421,20190413CHINC,1,8:17,8:37,92,NC,48.8,62.3,146.0,70.3,60.0,1,0
PASS-20190413CHINC-106,RAW-20190413CHINC-428,20190413CHINC,1,8:21,8:41,163,CHI,17.6,10.9,34.0,39.4,13.5,1,0
PASS-20190413CHINC-107,RAW-20190413CHINC-430,20190413CHINC,1,8:24,8:44,34,CHI,39.4,13.5,142.0,32.8,8.0,1,0
PASS-20190413CHINC-108,RAW-20190413CHINC-431,20190413CHINC,1,8:25,8:45,142,CHI,32.8,8.0,64.0,65.9,18.1,0,0
PASS-20190413CHINC-109,RAW-20190413CHINC-435,20190413CHINC,1,8:26,8:46,64,NC,39.1,49.9,254.0,48.8,49.9,1,0
PASS-20190413CHINC-110,RAW-20190413CHINC-437,20190413CHINC,1,8:28,8:48,254,NC,48.8,49.9,152.0,41.2,44.2,1,0
PASS-20190413CHINC-111,RAW-20190413CHINC-439,20190413CHINC,1,8:30,8:50,152,NC,42.0,43.4,42.0,37.0,28.2,1,0
PASS-20190413CHINC-112,RAW-20190413CHINC-443,20190413CHINC,1,8:34,8:54,42,NC,47.2,21.8,140.0,60.0,6.1,1,0
PASS-20190413CHINC-113,RAW-20190413CHINC-444,20190413CHINC,1,8:36,8:56,140,NC,60.0,6.1,244.0,76.9,7.6,1,0
PASS-20190413CHINC-114,RAW-20190413CHINC-455,20190413CHINC,1,9:10,9:30,146,NC,90.4,0.0,45.0,102.1,19.5,0,0
PASS-20190413CHINC-115,RAW-20190413CHINC-460,20190413CHINC,1,9:36,9:56,42,NC,105.0,0.0,146.0,91.1,35.7,1,0
PASS-20190413CHINC-116,RAW-20190413CHINC-467,20190413CHINC,1,10:06,10:26,42,NC,105.0,68.0,163.0,97.7,26.8,0,0
PASS-20190413CHINC-117,RAW-20190413CHINC-479,20190413CHINC,1,10:31,10:51,160,CHI,14.4,27.1,142.0,61.6,16.9,1,0
PASS-20190413CHINC-118,RAW-20190413CHINC-489,20190413CHINC,1,10:35,10:55,254,NC,48.7,54.2,169.0,58.5,59.3,1,0
PASS-20190413CHINC-119,RAW-20190413CHINC-494,20190413CHINC,1,10:42,11:02,65,CHI,48.7,0.0,64.0,66.7,15.3,0,0
PASS-20190413CHINC-120,RAW-20190413CHINC-497,20190413CHINC,1,10:45,11:05,42,NC,27.3,45.2,142.0,27.7,68.0,0,0
PASS-20190413CHINC-121,RAW-20190413CHINC-498,20190413CHINC,1,10:54,11:14,142,CHI,77.3,0.0,34.0,74.6,12.4,1,0
PASS-20190413CHINC-122,RAW-20190413CHINC-500,20190413CHINC,1,10:55,11:15,34,CHI,74.6,12.4,142.0,74.8,4.7,1,0
PASS-20190413CHINC-123,RAW-20190413CHINC-504,20190413CHINC,1,10:58,11:18,142,CHI,74.9,10.1,169.0,70.1,10.8,0,0
PASS-20190413CHINC-124,RAW-20190413CHINC-508,20190413CHINC,1,11:12,11:32,142,CHI,69.0,0.1,34.0,74.2,9.7,1,0
PASS-20190413CHINC-125,RAW-20190413CHINC-510,20190413CHINC,1,11:13,11:33,34,CHI,74.2,9.7,142.0,71.3,3.3,1,0
PASS-20190413CHINC-126,RAW-20190413CHINC-517,20190413CHINC,1,11:16,11:36,142,CHI,70.7,11.3,92.0,83.1,4.8,0,0
PASS-20190413CHINC-127,RAW-20190413CHINC-521,20190413CHINC,1,11:19,11:39,92,NC,28.2,63.2,254.0,33.6,58.5,1,0
PASS-20190413CHINC-128,RAW-20190413CHINC-526,20190413CHINC,1,11:32,11:52,92,NC,35.8,68.0,146.0,66.4,50.3,1,0
PASS-20190413CHINC-129,RAW-20190413CHINC-533,20190413CHINC,1,11:35,11:55,163,CHI,38.6,17.7,117.0,68.4,13.8,1,0
PASS-20190413CHINC-130,RAW-20190413CHINC-540,20190413CHINC,1,11:39,11:59,92,NC,31.0,58.2,64.0,25.3,51.7,1,0
PASS-20190413CHINC-131,RAW-20190413CHINC-544,20190413CHINC,1,11:42,12:02,64,NC,20.5,49.2,140.0,40.2,17.7,1,0
PASS-20190413CHINC-132,RAW-20190413CHINC-554,20190413CHINC,1,11:51,12:11,247,CHI,70.3,40.8,117.0,76.7,35.7,1,0
PASS-20190413CHINC-133,RAW-20190413CHINC-563,20190413CHINC,1,11:55,12:15,152,NC,23.4,45.3,92.0,31.0,58.3,1,0
PASS-20190413CHINC-134,RAW-20190413CHINC-566,20190413CHINC,1,11:59,12:19,92,NC,42.0,61.8,146.0,62.0,60.4,1,0
PASS-20190413CHINC-135,RAW-20190413CHINC-570,20190413CHINC,1,12:02,12:22,146,NC,59.8,58.7,169.0,58.1,48.5,1,0
PASS-20190413CHINC-136,RAW-20190413CHINC-572,20190413CHINC,1,12:04,12:24,169,NC,53.9,49.5,254.0,55.8,43.4,1,0
PASS-20190413CHINC-137,RAW-20190413CHINC-586,20190413CHINC,1,12:40,13:00,45,CHI,57.8,30.1,140.0,93.2,41.3,0,0
PASS-20190413CHINC-138,RAW-20190413CHINC-591,20190413CHINC,1,12:42,13:02,140,NC,11.8,26.7,42.0,15.0,28.6,1,0
PASS-20190413CHINC-139,RAW-20190413CHINC-596,20190413CHINC,1,12:43,13:03,65,CHI,90.0,39.4,42.0,90.0,39.4,0,0
PASS-20190413CHINC-140,RAW-20190413CHINC-601,20190413CHINC,1,12:44,13:04,64,NC,10.8,30.0,247.0,34.3,15.2,0,0
PASS-20190413CHINC-141,RAW-20190413CHINC-608,20190413CHINC,1,12:50,13:10,247,CHI,68.8,59.0,163.0,57.9,57.5,1,0
PASS-20190413CHINC-142,RAW-20190413CHINC-614,20190413CHINC,1,13:04,13:24,247,CHI,63.3,68.0,161.0,68.1,54.3,1,0
PASS-20190413CHINC-143,RAW-20190413CHINC-618,20190413CHINC,1,13:07,13:27,161,CHI,66.4,51.1,34.0,62.5,43.3,1,0
PASS-20190413CHINC-144,RAW-20190413CHINC-619,20190413CHINC,1,13:09,13:29,34,CHI,62.5,43.3,142.0,65.9,20.6,1,0
PASS-20190413CHINC-145,RAW-20190413CHINC-621,20190413CHINC,1,13:10,13:30,142,CHI,65.9,20.6,80.0,51.8,31.5,1,0
PASS-20190413CHINC-146,RAW-20190413CHINC-625,20190413CHINC,1,13:14,13:34,80,CHI,38.5,30.1,45.0,36.5,40.4,1,0
PASS-20190413CHINC-147,RAW-20190413CHINC-627,20190413CHINC,1,13:17,13:37,45,CHI,36.6,45.6,247.0,80.7,61.6,1,0
PASS-20190413CHINC-148,RAW-20190413CHINC-630,20190413CHINC,1,13:19,13:39,247,CHI,63.4,66.2,140.0,80.7,61.6,0,0
PASS-20190413CHINC-149,RAW-20190413CHINC-635,20190413CHINC,1,13:23,13:43,140,NC,24.3,6.4,125.0,5.1,17.3,1,0
PASS-20190413CHINC-150,RAW-20190413CHINC-637,20190413CHINC,1,13:27,13:47,125,NC,10.8,24.9,64.0,20.2,51.7,1,0
PASS-20190413CHINC-151,RAW-20190413CHINC-641,20190413CHINC,1,13:30,13:50,64,NC,22.3,52.0,92.0,33.9,63.6,1,0
PASS-20190413CHINC-152,RAW-20190413CHINC-642,20190413CHINC,1,13:32,13:52,92,NC,33.9,63.6,64.0,23.2,56.4,1,0
PASS-20190413CHINC-153,RAW-20190413CHINC-646,20190413CHINC,1,13:34,13:54,64,NC,19.8,51.7,125.0,12.3,40.1,1,0
PASS-20190413CHINC-154,RAW-20190413CHINC-649,20190413CHINC,1,13:38,13:58,125,NC,14.6,36.9,42.0,24.4,18.4,1,0
PASS-20190413CHINC-155,RAW-20190413CHINC-651,20190413CHINC,1,13:43,14:03,42,NC,29.9,15.2,140.0,39.1,2.3,1,0
PASS-20190413CHINC-156,RAW-20190413CHINC-655,20190413CHINC,1,13:45,14:05,140,NC,39.2,5.4,152.0,47.0,17.8,1,0
PASS-20190413CHINC-157,RAW-20190413CHINC-657,20190413CHINC,1,13:49,14:09,152,NC,56.7,13.7,146.0,80.8,6.2,1,0
PASS-20190413CHINC-158,RAW-20190413CHINC-661,20190413CHINC,1,13:56,14:16,146,NC,97.5,20.6,34.0,85.8,48.9,0,0
PASS-20190413CHINC-159,RAW-20190413CHINC-667,20190413CHINC,1,14:06,14:26,34,CHI,32.2,12.9,117.0,37.8,11.3,1,0
PASS-20190413CHINC-160,RAW-20190413CHINC-668,20190413CHINC,1,14:09,14:29,117,CHI,37.8,11.3,34.0,42.0,14.7,1,0
PASS-20190413CHINC-161,RAW-20190413CHINC-670,20190413CHINC,1,14:10,14:30,34,CHI,29.4,13.1,92.0,42.0,14.7,0,0
PASS-20190413CHINC-162,RAW-20190413CHINC-675,20190413CHINC,1,14:14,14:34,92,NC,67.6,62.7,244.0,78.5,59.6,1,0
PASS-20190413CHINC-163,RAW-20190413CHINC-677,20190413CHINC,1,14:16,14:36,244,NC,74.3,58.7,92.0,63.8,59.8,1,0
PASS-20190413CHINC-164,RAW-20190413CHINC-680,20190413CHINC,1,14:19,14:39,92,NC,69.2,58.0,244.0,79.4,56.1,1,0
PASS-20190413CHINC-165,RAW-20190413CHINC-684,20190413CHINC,1,14:20,14:40,244,NC,76.8,54.7,54.0,69.6,49.6,1,0
PASS-20190413CHINC-166,RAW-20190413CHINC-687,20190413CHINC,1,14:23,14:43,54,NC,71.4,46.7,152.0,67.7,32.5,1,0
PASS-20190413CHINC-167,RAW-20190413CHINC-690,20190413CHINC,1,14:25,14:45,152,NC,71.7,27.2,140.0,81.4,4.4,1,0
PASS-20190413CHINC-168,RAW-20190413CHINC-698,20190413CHINC,1,15:00,15:20,42,NC,105.0,0.0,152.0,95.9,3.5,1,0
PASS-20190413CHINC-169,RAW-20190413CHINC-699,20190413CHINC,1,15:01,15:21,152,NC,95.9,3.5,117.0,100.7,34.7,0,1
PASS-20190413CHINC-170,RAW-20190413CHINC-740,20190413CHINC,1,15:44,16:04,64,NC,39.6,48.2,92.0,46.9,58.2,1,0
PASS-20190413CHINC-171,RAW-20190413CHINC-741,20190413CHINC,1,15:46,16:06,92,NC,46.9,58.2,54.0,75.2,62.4,1,0
PASS-20190413CHINC-172,RAW-20190413CHINC-745,20190413CHINC,1,15:49,16:09,54,NC,75.9,60.6,146.0,92.8,58.0,1,0
PASS-20190413CHINC-173,RAW-20190413CHINC-752,20190413CHINC,1,16:14,16:34,146,NC,99.0,67.7,244.0,95.9,43.7,1,0
PASS-20190413CHINC-174,RAW-20190413CHINC-761,20190413CHINC,1,16:20,16:40,34,CHI,22.6,7.9,92.0,33.6,10.4,0,0
PASS-20190413CHINC-175,RAW-20190413CHINC-765,20190413CHINC,1,16:22,16:42,92,NC,71.3,55.2,169.0,75.5,45.0,1,0
PASS-20190413CHINC-176,RAW-20190413CHINC-769,20190413CHINC,1,16:24,16:44,169,NC,74.9,48.5,92.0,70.3,59.7,1,0
PASS-20190413CHINC-177,RAW-20190413CHINC-772,20190413CHINC,1,16:30,16:50,92,NC,62.5,62.0,42.0,32.4,46.4,1,0
PASS-20190413CHINC-178,RAW-20190413CHINC-774,20190413CHINC,1,16:34,16:54,42,NC,32.4,46.4,64.0,45.2,24.7,1,0
PASS-20190413CHINC-179,RAW-20190413CHINC-777,20190413CHINC,1,16:39,16:59,64,NC,49.6,19.8,169.0,65.8,18.5,1,0
PASS-20190413CHINC-180,RAW-20190413CHINC-778,20190413CHINC,1,16:41,17:01,169,NC,65.8,18.5,140.0,58.9,4.8,1,0
PASS-20190413CHINC-181,RAW-20190413CHINC-784,20190413CHINC,1,16:45,17:05,140,NC,67.6,5.6,247.0,74.9,7.7,0,0
PASS-20190413CHINC-182,RAW-20190413CHINC-797,20190413CHINC,1,17:14,17:34,160,CHI,35.8,53.2,247.0,59.3,63.6,1,0
PASS-20190413CHINC-183,RAW-20190413CHINC-803,20190413CHINC,1,17:17,17:37,247,CHI,62.5,62.2,92.0,93.1,18.7,0,0
PASS-20190413CHINC-184,RAW-20190413CHINC-807,20190413CHINC,1,17:28,17:48,92,NC,34.1,52.4,254.0,47.6,61.3,1,0
PASS-20190413CHINC-185,RAW-20190413CHINC-808,20190413CHINC,1,17:31,17:51,254,NC,47.6,61.3,54.0,69.0,59.9,1,0
PASS-20190413CHINC-186,RAW-20190413CHINC-813,20190413CHINC,1,17:35,17:55,54,NC,76.7,55.5,244.0,95.3,57.2,1,0
PASS-20190413CHINC-187,RAW-20190413CHINC-815,20190413CHINC,1,17:39,17:59,244,NC,96.6,59.9,254.0,76.0,50.7,1,0
PASS-20190413CHINC-188,RAW-20190413CHINC-818,20190413CHINC,1,17:41,18:01,254,NC,76.0,50.7,92.0,68.2,57.5,1,0
PASS-20190413CHINC-189,RAW-20190413CHINC-820,20190413CHINC,1,17:42,18:02,92,NC,68.2,57.5,152.0,66.3,45.4,1,0
PASS-20190413CHINC-190,RAW-20190413CHINC-823,20190413CHINC,1,17:45,18:05,152,NC,66.7,44.4,140.0,67.5,11.8,1,0
PASS-20190413CHINC-191,RAW-20190413CHINC-826,20190413CHINC,1,17:48,18:08,140,NC,67.9,7.7,222.0,78.5,23.5,0,0
PASS-20190413CHINC-192,RAW-20190413CHINC-833,20190413CHINC,1,17:52,18:12,169,NC,92.5,18.3,80.0,99.5,51.1,0,1
PASS-20190413CHINC-193,RAW-20190413CHINC-841,20190413CHINC,1,18:08,18:28,54,NC,98.0,68.0,146.0,98.0,58.9,1,0
PASS-20190413CHINC-194,RAW-20190413CHINC-843,20190413CHINC,1,18:10,18:30,146,NC,98.0,58.9,54.0,97.7,64.3,1,0
PASS-20190413CHINC-195,RAW-20190413CHINC-848,20190413CHINC,1,18:13,18:33,54,NC,101.3,61.5,163.0,101.3,38.5,0,1
PASS-20190413CHINC-196,RAW-20190413CHINC-857,20190413CHINC,1,18:41,19:01,160,CHI,5.6,17.1,142.0,49.5,15.3,1,0
PASS-20190413CHINC-197,RAW-20190413CHINC-864,20190413CHINC,1,18:45,19:05,152,NC,55.5,52.7,169.0,69.3,42.4,1,0
PASS-20190413CHINC-198,RAW-20190413CHINC-867,20190413CHINC,1,18:46,19:06,169,NC,69.3,42.4,80.0,76.9,47.6,0,0
PASS-20190413CHINC-199,RAW-20190413CHINC-871,20190413CHINC,1,18:48,19:08,80,CHI,28.5,21.9,152.0,35.8,18.8,0,0
PASS-20190413CHINC-200,RAW-20190413CHINC-877,20190413CHINC,1,18:57,19:17,152,NC,92.7,60.3,54.0,79.9,57.2,1,0
PASS-20190413CHINC-201,RAW-20190413CHINC-885,20190413CHINC,1,19:01,19:21,54,NC,101.2,56.3,146.0,101.8,38.5,1,1
PASS-20190413CHINC-202,RAW-20190413CHINC-896,20190413CHINC,1,19:05,19:25,163,CHI,3.7,22.2,254.0,33.1,22.6,0,0
PASS-20190413CHINC-203,RAW-20190413CHINC-901,20190413CHINC,1,19:08,19:28,254,NC,71.9,45.4,92.0,71.1,52.5,1,0
PASS-20190413CHINC-204,RAW-20190413CHINC-909,20190413CHINC,1,19:15,19:35,161,CHI,31.2,5.8,80.0,27.0,18.5,1,0
PASS-20190413CHINC-205,RAW-20190413CHINC-910,20190413CHINC,1,19:18,19:38,80,CHI,27.0,18.5,244.0,31.2,37.7,0,0
PASS-20190413CHINC-206,RAW-20190413CHINC-913,20190413CHINC,1,19:20,19:40,244,NC,73.8,30.3,152.0,63.1,35.4,1,0
PASS-20190413CHINC-207,RAW-20190413CHINC-919,20190413CHINC,1,19:23,19:43,152,NC,59.6,36.0,140.0,52.9,18.5,1,0
PASS-20190413CHINC-208,RAW-20190413CHINC-922,20190413CHINC,1,19:29,19:49,140,NC,63.3,12.4,169.0,70.5,15.7,1,0
PASS-20190413CHINC-209,RAW-20190413CHINC-925,20190413CHINC,1,19:31,19:51,169,NC,66.7,14.0,140.0,58.0,6.6,1,0
PASS-20190413CHINC-210,RAW-20190413CHINC-935,20190413CHINC,1,19:48,20:08,140,NC,57.9,0.0,146.0,72.7,5.1,1,0
PASS-20190413CHINC-211,RAW-20190413CHINC-937,20190413CHINC,1,19:49,20:09,146,NC,72.7,5.1,140.0,63.3,3.4,1,0
PASS-20190413CHINC-212,RAW-20190413CHINC-938,20190413CHINC,1,19:51,20:11,140,NC,63.3,3.4,169.0,78.0,10.1,1,0
PASS-20190413CHINC-213,RAW-20190413CHINC-941,20190413CHINC,1,19:55,20:15,169,NC,77.3,9.0,45.0,82.4,9.8,0,0
PASS-20190413CHINC-214,RAW-20190413CHINC-946,20190413CHINC,1,20:04,20:24,140,NC,64.7,0.0,146.0,79.5,4.4,1,0
PASS-20190413CHINC-215,RAW-20190413CHINC-948,20190413CHINC,1,20:05,20:25,146,NC,79.5,4.4,140.0,69.0,3.7,1,0
PASS-20190413CHINC-216,RAW-20190413CHINC-952,20190413CHINC,1,20:09,20:29,140,NC,68.0,7.6,244.0,94.5,29.8,1,0
PASS-20190413CHINC-217,RAW-20190413CHINC-962,20190413CHINC,1,20:16,20:36,160,CHI,15.1,31.3,117.0,66.8,53.8,1,0
PASS-20190413CHINC-218,RAW-20190413CHINC-966,20190413CHINC,1,20:24,20:44,117,CHI,61.3,50.6,64.0,77.6,42.6,0,0
PASS-20190413CHINC-219,RAW-20190413CHINC-970,20190413CHINC,1,20:28,20:48,64,NC,32.4,18.4,42.0,25.3,14.9,1,0
PASS-20190413CHINC-220,RAW-20190413CHINC-972,20190413CHINC,1,20:29,20:49,42,NC,28.3,19.8,152.0,25.2,31.8,1,0
PASS-20190413CHINC-221,RAW-20190413CHINC-976,20190413CHINC,1,20:32,20:52,152,NC,27.0,35.4,92.0,31.4,56.8,1,0
PASS-20190413CHINC-222,RAW-20190413CHINC-983,20190413CHINC,1,20:39,20:59,92,NC,55.0,55.2,244.0,71.3,43.3,1,0
PASS-20190413CHINC-223,RAW-20190413CHINC-991,20190413CHINC,1,20:42,21:02,34,CHI,32.9,30.9,163.0,68.5,16.0,1,0
PASS-20190413CHINC-224,RAW-20190413CHINC-993,20190413CHINC,1,20:45,21:05,163,CHI,27.3,21.2,64.0,68.5,16.0,0,0
PASS-20190413CHINC-225,RAW-20190413CHINC-996,20190413CHINC,1,20:51,21:11,64,NC,30.8,47.2,125.0,20.2,45.4,1,0
PASS-20190413CHINC-226,RAW-20190413CHINC-999,20190413CHINC,1,20:57,21:17,125,NC,22.4,37.9,64.0,29.4,48.5,1,0
PASS-20190413CHINC-227,RAW-20190413CHINC-1001,20190413CHINC,1,21:00,21:20,64,NC,32.6,48.5,152.0,46.1,54.4,1,0
PASS-20190413CHINC-228,RAW-20190413CHINC-1005,20190413CHINC,1,21:03,21:23,152,NC,55.0,55.8,244.0,69.3,38.6,1,0
PASS-20190413CHINC-229,RAW-20190413CHINC-1007,20190413CHINC,1,21:06,21:26,244,NC,64.1,39.8,140.0,55.3,8.1,1,0
PASS-20190413CHINC-230,RAW-20190413CHINC-1010,20190413CHINC,1,21:09,21:29,140,NC,57.5,9.0,169.0,77.3,20.4,1,0
PASS-20190413CHINC-231,RAW-20190413CHINC-1013,20190413CHINC,1,21:12,21:32,169,NC,79.1,16.2,146.0,92.7,4.2,1,0
PASS-20190413CHINC-232,RAW-20190413CHINC-1026,20190413CHINC,1,22:29,22:49,92,NC,94.5,7.2,247.0,100.5,30.3,0,0
PASS-20190413CHINC-233,RAW-20190413CHINC-1032,20190413CHINC,1,22:35,22:55,34,CHI,17.7,38.5,161.0,31.1,39.3,1,0
PASS-20190413CHINC-234,RAW-20190413CHINC-1043,20190413CHINC,1,22:41,23:01,42,NC,63.4,27.1,54.0,71.0,53.0,1,0
PASS-20190413CHINC-235,RAW-20190413CHINC-1051,20190413CHINC,1,22:49,23:09,54,NC,82.8,49.9,45.0,91.1,32.9,0,1
PASS-20190413CHINC-236,RAW-20190413CHINC-1056,20190413CHINC,1,22:53,23:13,34,CHI,23.8,27.8,244.0,29.5,23.3,0,0
PASS-20190413CHINC-237,RAW-20190413CHINC-1062,20190413CHINC,1,22:56,23:16,244,NC,70.7,37.8,152.0,65.1,32.2,1,0
PASS-20190413CHINC-238,RAW-20190413CHINC-1065,20190413CHINC,1,22:59,23:19,152,NC,67.6,35.3,254.0,72.1,43.6,1,0
PASS-20190413CHINC-239,RAW-20190413CHINC-1069,20190413CHINC,1,23:01,23:21,254,NC,66.3,45.4,64.0,38.8,58.4,1,0
PASS-20190413CHINC-240,RAW-20190413CHINC-1072,20190413CHINC,1,23:13,23:33,64,NC,50.1,56.5,80.0,79.4,56.6,0,0
PASS-20190413CHINC-241,RAW-20190413CHINC-1074,20190413CHINC,1,23:15,23:35,80,CHI,25.6,11.4,65.0,35.8,15.6,1,0
PASS-20190413CHINC-242,RAW-20190413CHINC-1085,20190413CHINC,1,23:21,23:41,65,CHI,41.0,30.5,247.0,38.8,52.3,1,0
PASS-20190413CHINC-243,RAW-20190413CHINC-1091,20190413CHINC,1,23:25,23:45,247,CHI,47.8,53.8,125.0,79.9,41.7,0,0
PASS-20190413CHINC-244,RAW-20190413CHINC-1097,20190413CHINC,1,23:40,24:00,125,NC,25.1,26.3,42.0,28.0,18.3,1,0
PASS-20190413CHINC-245,RAW-20190413CHINC-1100,20190413CHINC,1,23:43,24:03,42,NC,32.0,20.7,254.0,40.7,27.7,1,0
PASS-20190413CHINC-246,RAW-20190413CHINC-1105,20190413CHINC,1,23:48,24:08,254,NC,54.2,21.5,54.0,58.8,11.2,1,0
PASS-20190413CHINC-247,RAW-20190413CHINC-1108,20190413CHINC,1,23:49,24:09,54,NC,58.8,11.2,140.0,43.3,10.7,1,0
PASS-20190413CHINC-248,RAW-20190413CHINC-1111,20190413CHINC,1,23:53,24:13,140,NC,45.2,10.8,254.0,58.1,14.2,1,0
PASS-20190413CHINC-249,RAW-20190413CHINC-1114,20190413CHINC,1,23:56,24:16,254,NC,60.1,9.6,146.0,66.7,7.9,1,0
PASS-20190413CHINC-250,RAW-20190413CHINC-1120,20190413CHINC,1,24:40,25:00,140,NC,69.8,9.1,64.0,92.5,38.9,1,0
PASS-20190413CHINC-251,RAW-20190413CHINC-1137,20190413CHINC,1,25:23,25:43,125,NC,14.0,38.8,42.0,18.2,35.5,1,0
PASS-20190413CHINC-252,RAW-20190413CHINC-1141,20190413CHINC,1,25:27,25:47,42,NC,24.0,28.8,64.0,24.2,50.3,1,0
PASS-20190413CHINC-253,RAW-20190413CHINC-1144,20190413CHINC,1,25:30,25:50,64,NC,26.4,50.2,92.0,35.3,59.6,1,0
PASS-20190413CHINC-254,RAW-20190413CHINC-1147,20190413CHINC,1,25:33,25:53,92,NC,33.5,55.5,64.0,22.8,49.6,1,0
PASS-20190413CHINC-255,RAW-20190413CHINC-1149,20190413CHINC,1,25:34,26:24,161,CHI,47.1,54.0,117.0,95.9,28.4,1,0
PASS-20190413CHINC-256,RAW-20190413CHINC-1151,20190413CHINC,1,25:35,25:55,64,NC,24.4,45.8,42.0,26.6,17.0,1,0
PASS-20190413CHINC-257,RAW-20190413CHINC-1156,20190413CHINC,1,25:42,26:02,42,NC,44.9,18.8,169.0,59.3,7.7,1,0
PASS-20190413CHINC-258,RAW-20190413CHINC-1158,20190413CHINC,1,25:45,26:05,169,NC,59.5,3.9,247.0,72.2,6.0,0,0
PASS-20190413CHINC-259,RAW-20190413CHINC-1164,20190413CHINC,1,25:47,26:07,247,CHI,37.5,56.8,161.0,46.9,53.5,1,0
PASS-20190413CHINC-260,RAW-20190413CHINC-1183,20190413CHINC,1,26:39,26:59,92,NC,56.8,53.5,80.0,94.2,60.3,0,0
PASS-20190413CHINC-261,RAW-20190413CHINC-1188,20190413CHINC,1,26:46,27:06,65,CHI,2.0,6.3,146.0,7.2,0.0,0,0
PASS-20190413CHINC-262,RAW-20190413CHINC-1189,20190413CHINC,1,26:59,27:19,146,NC,97.8,68.0,142.0,92.1,55.9,0,0
PASS-20190413CHINC-263,RAW-20190413CHINC-1192,20190413CHINC,1,27:00,27:20,142,CHI,12.9,12.1,92.0,26.8,11.4,0,0
PASS-20190413CHINC-264,RAW-20190413CHINC-1195,20190413CHINC,1,27:02,27:22,92,NC,78.2,56.6,54.0,94.1,61.8,1,0
PASS-20190413CHINC-265,RAW-20190413CHINC-1206,20190413CHINC,1,27:10,27:30,80,CHI,9.8,0.0,163.0,12.1,10.4,1,0
PASS-20190413CHINC-266,RAW-20190413CHINC-1207,20190413CHINC,1,27:13,27:33,163,CHI,12.1,10.4,80.0,22.7,7.9,1,0
PASS-20190413CHINC-267,RAW-20190413CHINC-1208,20190413CHINC,1,27:17,27:37,80,CHI,22.7,7.9,64.0,59.3,9.0,0,0
PASS-20190413CHINC-268,RAW-20190413CHINC-1211,20190413CHINC,1,27:27,27:47,142,CHI,41.3,0.0,34.0,57.6,10.2,1,0
PASS-20190413CHINC-269,RAW-20190413CHINC-1214,20190413CHINC,1,27:29,27:49,34,CHI,58.0,11.9,65.0,96.2,5.9,1,0
PASS-20190413CHINC-270,RAW-20190413CHINC-1217,20190413CHINC,1,27:30,27:50,65,CHI,58.3,20.4,64.0,96.2,5.9,0,0
PASS-20190413CHINC-271,RAW-20190413CHINC-1220,20190413CHINC,1,27:38,27:58,64,NC,5.1,63.2,65.0,30.3,56.4,0,0
PASS-20190413CHINC-272,RAW-20190413CHINC-1225,20190413CHINC,1,27:42,28:02,254,NC,22.6,54.2,65.0,26.6,55.3,0,0
PASS-20190413CHINC-273,RAW-20190413CHINC-1229,20190413CHINC,1,27:46,28:06,65,CHI,85.2,17.2,247.0,75.6,39.4,1,0
PASS-20190413CHINC-274,RAW-20190413CHINC-1235,20190413CHINC,1,27:53,28:13,247,CHI,65.8,57.6,45.0,54.9,54.4,1,0
PASS-20190413CHINC-275,RAW-20190413CHINC-1241,20190413CHINC,1,27:56,28:16,45,CHI,60.0,58.7,247.0,66.2,65.2,1,0
PASS-20190413CHINC-276,RAW-20190413CHINC-1245,20190413CHINC,1,27:58,28:18,247,CHI,63.5,63.7,45.0,54.9,60.7,1,0
PASS-20190413CHINC-277,RAW-20190413CHINC-1246,20190413CHINC,1,27:59,28:19,45,CHI,54.9,60.7,222.0,56.3,53.6,1,0
PASS-20190413CHINC-278,RAW-20190413CHINC-1249,20190413CHINC,1,28:01,28:21,222,CHI,53.4,53.6,163.0,38.1,49.0,1,0
PASS-20190413CHINC-279,RAW-20190413CHINC-1252,20190413CHINC,1,28:03,28:23,163,CHI,36.0,43.7,80.0,38.7,26.4,1,0
PASS-20190413CHINC-280,RAW-20190413CHINC-1255,20190413CHINC,1,28:07,28:27,80,CHI,47.2,24.6,142.0,56.2,12.5,1,0
PASS-20190413CHINC-281,RAW-20190413CHINC-1258,20190413CHINC,1,28:11,28:31,142,CHI,63.8,10.0,117.0,74.3,21.2,1,0
PASS-20190413CHINC-282,RAW-20190413CHINC-1261,20190413CHINC,1,28:12,28:32,117,CHI,74.3,21.2,152.0,68.5,25.7,0,0
PASS-20190413CHINC-283,RAW-20190413CHINC-1265,20190413CHINC,1,28:15,28:35,152,NC,36.2,47.8,54.0,91.2,40.6,1,0
PASS-20190413CHINC-284,RAW-20190413CHINC-1268,20190413CHINC,1,28:17,28:37,54,NC,49.9,54.6,160.0,91.2,40.6,0,0
PASS-20190413CHINC-285,RAW-20190413CHINC-1271,20190413CHINC,1,28:23,28:43,160,CHI,14.2,31.4,247.0,37.7,58.9,1,0
PASS-20190413CHINC-286,RAW-20190413CHINC-1274,20190413CHINC,1,28:27,28:47,247,CHI,36.1,54.9,45.0,24.9,49.0,1,0
PASS-20190413CHINC-287,RAW-20190413CHINC-1277,20190413CHINC,1,28:31,28:51,45,CHI,26.2,46.4,117.0,59.2,23.2,1,0
PASS-20190413CHINC-288,RAW-20190413CHINC-1284,20190413CHINC,1,28:39,28:59,92,NC,34.0,62.4,64.0,25.5,46.1,1,0
PASS-20190413CHINC-289,RAW-20190413CHINC-1287,20190413CHINC,1,28:43,29:03,64,NC,27.2,40.3,42.0,34.0,21.2,1,0
PASS-20190413CHINC-290,RAW-20190413CHINC-1290,20190413CHINC,1,28:49,29:09,42,NC,54.7,12.5,254.0,57.0,19.6,1,0
PASS-20190413CHINC-291,RAW-20190413CHINC-1293,20190413CHINC,1,28:51,29:11,254,NC,55.5,14.7,42.0,46.3,11.7,1,0
PASS-20190413CHINC-292,RAW-20190413CHINC-1294,20190413CHINC,1,28:53,29:13,42,NC,46.3,11.7,125.0,19.4,23.2,1,0
PASS-20190413CHINC-293,RAW-20190413CHINC-1297,20190413CHINC,1,28:56,29:16,125,NC,19.4,23.2,254.0,34.7,26.3,1,0
PASS-20190413CHINC-294,RAW-20190413CHINC-1300,20190413CHINC,1,28:59,29:19,254,NC,33.9,29.8,64.0,29.0,49.3,1,0
PASS-20190413CHINC-295,RAW-20190413CHINC-1303,20190413CHINC,1,29:04,29:24,64,NC,44.4,50.4,92.0,58.5,60.1,1,0
PASS-20190413CHINC-296,RAW-20190413CHINC-1305,20190413CHINC,1,29:07,29:27,92,NC,49.7,56.1,254.0,46.9,46.4,1,0
PASS-20190413CHINC-297,RAW-20190413CHINC-1309,20190413CHINC,1,29:11,29:31,254,NC,50.0,49.6,64.0,36.1,52.5,1,0
PASS-20190413CHINC-298,RAW-20190413CHINC-1312,20190413CHINC,1,29:14,29:34,64,NC,34.1,49.3,42.0,32.6,24.6,1,0
PASS-20190413CHINC-299,RAW-20190413CHINC-1315,20190413CHINC,1,29:20,29:40,42,NC,38.3,22.6,152.0,58.1,24.7,1,0
PASS-20190413CHINC-300,RAW-20190413CHINC-1320,20190413CHINC,1,29:24,29:44,152,NC,67.5,23.5,160.0,101.3,35.7,0,0
PASS-20190413CHINC-301,RAW-20190413CHINC-1324,20190413CHINC,1,29:40,30:00,160,CHI,15.0,32.5,140.0,69.4,68.0,0,0
PASS-20190413CHINC-302,RAW-20190413CHINC-1326,20190413CHINC,1,29:55,30:15,140,NC,35.6,0.0,169.0,44.5,9.6,1,0
PASS-20190413CHINC-303,RAW-20190413CHINC-1328,20190413CHINC,1,29:58,30:18,169,NC,41.9,8.2,140.0,37.8,3.7,1,0
PASS-20190413CHINC-304,RAW-20190413CHINC-1331,20190413CHINC,1,30:00,30:20,140,NC,36.2,8.5,64.0,29.8,45.0,1,0
PASS-20190413CHINC-305,RAW-20190413CHINC-1335,20190413CHINC,1,30:03,30:23,64,NC,36.8,51.6,92.0,48.4,60.1,1,0
PASS-20190413CHINC-306,RAW-20190413CHINC-1337,20190413CHINC,1,30:06,30:26,92,NC,57.1,59.0,146.0,75.1,49.6,1,0
PASS-20190413CHINC-307,RAW-20190413CHINC-1341,20190413CHINC,1,30:12,30:32,146,NC,71.3,51.2,92.0,66.8,62.4,1,0
PASS-20190413CHINC-308,RAW-20190413CHINC-1343,20190413CHINC,1,30:14,30:34,92,NC,66.5,59.2,163.0,81.2,58.9,0,0
PASS-20190413CHINC-309,RAW-20190413CHINC-1349,20190413CHINC,1,30:41,31:01,146,NC,95.8,68.0,152.0,95.8,40.5,1,0
PASS-20190413CHINC-310,RAW-20190413CHINC-1357,20190413CHINC,1,30:44,31:04,161,CHI,13.3,36.9,54.0,17.5,31.2,0,0
PASS-20190413CHINC-311,RAW-20190413CHINC-1369,20190413CHINC,1,34:07,34:27,160,CHI,5.4,35.9,34.0,44.9,24.9,1,0
PASS-20190413CHINC-312,RAW-20190413CHINC-1372,20190413CHINC,1,34:10,34:30,34,CHI,44.9,24.9,117.0,55.9,24.1,1,0
PASS-20190413CHINC-313,RAW-20190413CHINC-1373,20190413CHINC,1,34:12,34:32,117,CHI,55.9,24.1,64.0,65.6,29.7,0,0
PASS-20190413CHINC-314,RAW-20190413CHINC-1378,20190413CHINC,1,34:15,34:35,64,NC,37.4,35.4,140.0,43.2,18.7,1,0
PASS-20190413CHINC-315,RAW-20190413CHINC-1384,20190413CHINC,1,34:21,34:41,140,NC,61.7,9.1,160.0,99.2,33.4,0,0
PASS-20190413CHINC-316,RAW-20190413CHINC-1388,20190413CHINC,1,34:46,35:06,160,CHI,5.8,34.6,247.0,42.4,42.7,1,0
PASS-20190413CHINC-317,RAW-20190413CHINC-1390,20190413CHINC,1,34:49,35:09,244,NC,62.6,25.3,247.0,62.6,25.3,0,0
PASS-20190413CHINC-318,RAW-20190413CHINC-1396,20190413CHINC,1,34:51,35:11,45,CHI,36.0,41.7,\N,\N,\N,0,0
PASS-20190413CHINC-319,RAW-20190413CHINC-1404,20190413CHINC,1,34:54,35:14,161,CHI,47.8,61.7,247.0,41.2,54.9,1,0
PASS-20190413CHINC-320,RAW-20190413CHINC-1406,20190413CHINC,1,34:54,35:14,247,CHI,41.2,54.9,117.0,60.2,55.0,1,0
PASS-20190413CHINC-321,RAW-20190413CHINC-1410,20190413CHINC,1,34:57,35:17,117,CHI,58.0,54.2,222.0,47.8,53.5,1,0
PASS-20190413CHINC-322,RAW-20190413CHINC-1412,20190413CHINC,1,34:57,35:17,222,CHI,47.8,53.5,254.0,64.2,56.1,0,0
PASS-20190413CHINC-323,RAW-20190413CHINC-1417,20190413CHINC,1,35:00,35:20,254,NC,37.8,18.7,92.0,33.3,49.3,1,0
PASS-20190413CHINC-324,RAW-20190413CHINC-1420,20190413CHINC,1,35:08,35:28,92,NC,40.9,58.1,54.0,71.9,57.5,1,0
PASS-20190413CHINC-325,RAW-20190413CHINC-1435,20190413CHINC,1,35:24,35:44,65,CHI,15.2,21.6,34.0,27.8,11.9,1,0
PASS-20190413CHINC-326,RAW-20190413CHINC-1438,20190413CHINC,1,35:28,35:48,34,CHI,36.9,14.5,161.0,53.7,38.6,1,0
PASS-20190413CHINC-327,RAW-20190413CHINC-1441,20190413CHINC,1,35:32,35:52,161,CHI,50.1,38.0,222.0,46.7,34.9,1,0
PASS-20190413CHINC-328,RAW-20190413CHINC-1444,20190413CHINC,1,35:33,35:53,222,CHI,46.7,34.9,247.0,57.6,65.4,1,0
PASS-20190413CHINC-329,RAW-20190413CHINC-1447,20190413CHINC,1,35:41,36:01,247,CHI,59.8,61.4,222.0,59.7,48.8,1,0
PASS-20190413CHINC-330,RAW-20190413CHINC-1450,20190413CHINC,1,35:44,36:04,222,CHI,64.7,45.3,117.0,80.1,26.7,1,0
PASS-20190413CHINC-331,RAW-20190413CHINC-1453,20190413CHINC,1,35:45,36:05,117,CHI,74.7,36.6,92.0,80.1,26.7,0,0
PASS-20190413CHINC-332,RAW-20190413CHINC-1455,20190413CHINC,1,35:46,36:06,92,NC,24.9,41.3,169.0,33.3,20.4,1,0
PASS-20190413CHINC-333,RAW-20190413CHINC-1457,20190413CHINC,1,35:50,36:10,169,NC,33.3,20.4,140.0,26.2,21.6,1,0
PASS-20190413CHINC-334,RAW-20190413CHINC-1458,20190413CHINC,1,35:52,36:12,140,NC,26.2,21.6,142.0,46.7,67.8,0,0
PASS-20190413CHINC-335,RAW-20190413CHINC-1459,20190413CHINC,1,36:01,36:21,142,CHI,58.3,0.2,34.0,69.7,11.7,1,0
PASS-20190413CHINC-336,RAW-20190413CHINC-1462,20190413CHINC,1,36:05,36:25,34,CHI,72.6,4.3,64.0,78.5,12.8,0,0
PASS-20190413CHINC-337,RAW-20190413CHINC-1467,20190413CHINC,1,36:08,36:28,64,NC,28.6,53.8,152.0,78.0,25.3,1,0
PASS-20190413CHINC-338,RAW-20190413CHINC-1469,20190413CHINC,1,36:11,36:31,152,NC,39.6,55.0,45.0,78.0,25.3,0,0
PASS-20190413CHINC-339,RAW-20190413CHINC-1471,20190413CHINC,1,36:13,36:33,45,CHI,27.0,42.7,163.0,24.9,32.3,1,0
PASS-20190413CHINC-340,RAW-20190413CHINC-1474,20190413CHINC,1,36:18,36:38,163,CHI,26.0,28.4,117.0,49.6,30.4,1,0
PASS-20190413CHINC-341,RAW-20190413CHINC-1476,20190413CHINC,1,36:20,36:40,117,CHI,49.6,30.4,65.0,37.8,30.3,1,0
PASS-20190413CHINC-342,RAW-20190413CHINC-1483,20190413CHINC,1,36:22,36:42,65,CHI,41.2,27.4,34.0,79.0,16.4,1,0
PASS-20190413CHINC-343,RAW-20190413CHINC-1486,20190413CHINC,1,36:29,36:49,34,CHI,83.7,17.9,117.0,83.6,23.0,1,0
PASS-20190413CHINC-344,RAW-20190413CHINC-1489,20190413CHINC,1,36:31,36:51,117,CHI,80.1,22.9,142.0,73.1,11.4,1,0
PASS-20190413CHINC-345,RAW-20190413CHINC-1492,20190413CHINC,1,36:33,36:53,142,CHI,73.1,11.4,125.0,97.9,37.4,0,1
PASS-20190413CHINC-346,RAW-20190413CHINC-1498,20190413CHINC,1,36:39,36:59,125,NC,12.2,26.6,244.0,39.9,9.1,1,0
PASS-20190413CHINC-347,RAW-20190413CHINC-1504,20190413CHINC,1,36:46,37:06,244,NC,48.3,0.0,146.0,66.4,7.7,1,0
PASS-20190413CHINC-348,RAW-20190413CHINC-1511,20190413CHINC,1,36:54,37:14,146,NC,73.0,11.7,169.0,75.6,22.9,1,0
PASS-20190413CHINC-349,RAW-20190413CHINC-1527,20190413CHINC,1,38:17,38:37,140,NC,83.6,0.0,64.0,94.8,20.9,1,0
PASS-20190413CHINC-350,RAW-20190413CHINC-1534,20190413CHINC,1,38:45,39:05,42,NC,105.0,0.0,152.0,97.1,3.2,1,0
PASS-20190413CHINC-351,RAW-20190413CHINC-1539,20190413CHINC,1,38:47,39:07,152,NC,97.1,3.2,64.0,100.4,38.0,1,1
PASS-20190413CHINC-352,RAW-20190413CHINC-1542,20190413CHINC,1,38:49,39:09,64,NC,100.4,38.0,163.0,100.4,38.0,0,0
PASS-20190413CHINC-353,RAW-20190413CHINC-1550,20190413CHINC,1,38:50,39:10,161,CHI,6.8,34.8,117.0,14.8,24.3,1,0
PASS-20190413CHINC-354,RAW-20190413CHINC-1558,20190413CHINC,1,39:18,39:38,160,CHI,20.0,22.4,161.0,64.6,24.9,1,0
PASS-20190413CHINC-355,RAW-20190413CHINC-1560,20190413CHINC,1,39:21,39:41,152,NC,40.4,43.1,161.0,40.4,43.1,0,0
PASS-20190413CHINC-356,RAW-20190413CHINC-1566,20190413CHINC,1,39:23,39:43,247,CHI,53.3,34.0,161.0,62.1,28.4,1,0
PASS-20190413CHINC-357,RAW-20190413CHINC-1571,20190413CHINC,1,39:24,39:44,161,CHI,62.1,28.4,34.0,70.0,25.2,1,0
PASS-20190413CHINC-358,RAW-20190413CHINC-1576,20190413CHINC,1,39:26,39:46,34,CHI,70.9,25.0,64.0,80.2,24.0,0,0
PASS-20190413CHINC-359,RAW-20190413CHINC-1581,20190413CHINC,1,39:36,39:56,64,NC,24.8,44.0,254.0,30.3,60.1,1,0
PASS-20190413CHINC-360,RAW-20190413CHINC-1585,20190413CHINC,1,39:40,40:00,254,NC,35.0,55.8,54.0,51.2,61.0,1,0
PASS-20190413CHINC-361,RAW-20190413CHINC-1588,20190413CHINC,1,39:43,40:03,54,NC,55.7,61.7,254.0,51.1,54.7,1,0
PASS-20190413CHINC-362,RAW-20190413CHINC-1592,20190413CHINC,1,39:44,40:04,34,CHI,53.9,13.3,142.0,58.9,9.1,1,0
PASS-20190413CHINC-363,RAW-20190413CHINC-1597,20190413CHINC,1,39:46,40:06,142,CHI,61.2,8.5,92.0,74.2,14.2,0,0
PASS-20190413CHINC-364,RAW-20190413CHINC-1601,20190413CHINC,1,39:50,40:10,92,NC,36.4,50.5,152.0,36.0,37.7,1,0
PASS-20190413CHINC-365,RAW-20190413CHINC-1605,20190413CHINC,1,39:51,40:11,152,NC,36.2,40.3,161.0,39.2,42.7,0,0
PASS-20190413CHINC-366,RAW-20190413CHINC-1607,20190413CHINC,1,39:52,40:12,161,CHI,65.8,25.3,34.0,68.5,19.0,1,0
PASS-20190413CHINC-367,RAW-20190413CHINC-1611,20190413CHINC,1,39:53,40:13,34,CHI,68.5,19.0,117.0,74.7,28.0,1,0
PASS-20190413CHINC-368,RAW-20190413CHINC-1614,20190413CHINC,1,39:54,40:14,117,CHI,72.4,30.6,161.0,67.3,34.8,1,0
PASS-20190413CHINC-369,RAW-20190413CHINC-1618,20190413CHINC,1,39:57,40:17,161,CHI,71.4,36.6,140.0,79.0,41.0,0,0
PASS-20190413CHINC-370,RAW-20190413CHINC-1620,20190413CHINC,1,39:58,40:18,140,NC,26.0,27.0,142.0,41.9,48.1,0,0
PASS-20190413CHINC-371,RAW-20190413CHINC-1627,20190413CHINC,1,40:01,40:21,142,CHI,70.6,18.2,117.0,71.5,17.8,1,0
PASS-20190413CHINC-372,RAW-20190413CHINC-1630,20190413CHINC,1,40:03,40:23,117,CHI,78.9,23.5,54.0,71.5,17.8,0,0
PASS-20190413CHINC-373,RAW-20190413CHINC-1633,20190413CHINC,1,40:05,40:25,54,NC,31.2,54.1,146.0,39.9,63.8,1,0
PASS-20190413CHINC-374,RAW-20190413CHINC-1643,20190413CHINC,1,40:15,40:35,146,NC,61.3,42.0,222.0,70.9,39.9,0,0
PASS-20190413CHINC-375,RAW-20190413CHINC-1650,20190413CHINC,1,40:20,40:40,161,CHI,43.6,46.2,65.0,34.9,38.2,1,0
PASS-20190413CHINC-376,RAW-20190413CHINC-1652,20190413CHINC,1,40:22,40:42,65,CHI,35.0,43.0,247.0,33.5,59.7,1,0
PASS-20190413CHINC-377,RAW-20190413CHINC-1655,20190413CHINC,1,40:27,40:47,247,CHI,45.7,62.0,65.0,38.5,52.7,1,0
PASS-20190413CHINC-378,RAW-20190413CHINC-1658,20190413CHINC,1,40:30,40:50,65,CHI,45.4,54.9,161.0,58.1,56.6,1,0
PASS-20190413CHINC-379,RAW-20190413CHINC-1661,20190413CHINC,1,40:32,40:52,161,CHI,61.0,58.6,247.0,76.3,61.8,1,0
PASS-20190413CHINC-380,RAW-20190413CHINC-1666,20190413CHINC,1,40:37,40:57,247,CHI,75.3,54.7,117.0,80.2,46.4,1,0
PASS-20190413CHINC-381,RAW-20190413CHINC-1667,20190413CHINC,1,40:38,40:58,117,CHI,80.2,46.4,247.0,99.0,60.9,1,0
PASS-20190413CHINC-382,RAW-20190413CHINC-1672,20190413CHINC,1,40:44,41:04,247,CHI,96.9,60.9,64.0,93.7,38.9,0,1
PASS-20190413CHINC-383,RAW-20190413CHINC-1681,20190413CHINC,1,40:49,41:09,244,NC,31.9,46.5,80.0,41.9,46.4,0,0
PASS-20190413CHINC-384,RAW-20190413CHINC-1684,20190413CHINC,1,40:51,41:11,80,CHI,63.1,21.6,142.0,74.0,3.6,1,0
PASS-20190413CHINC-385,RAW-20190413CHINC-1687,20190413CHINC,1,40:56,41:16,142,CHI,80.5,3.7,34.0,76.4,13.4,1,0
PASS-20190413CHINC-386,RAW-20190413CHINC-1693,20190413CHINC,1,41:01,41:21,34,CHI,72.4,12.1,222.0,62.1,17.2,1,0
PASS-20190413CHINC-387,RAW-20190413CHINC-1695,20190413CHINC,1,41:04,41:24,222,CHI,57.4,21.9,45.0,46.5,36.6,1,0
PASS-20190413CHINC-388,RAW-20190413CHINC-1700,20190413CHINC,1,41:08,41:28,45,CHI,58.7,37.6,65.0,84.9,21.3,1,0
PASS-20190413CHINC-389,RAW-20190413CHINC-1704,20190413CHINC,1,41:10,41:30,65,CHI,84.9,21.3,64.0,89.4,22.4,0,0
PASS-20190413CHINC-390,RAW-20190413CHINC-1707,20190413CHINC,1,41:14,41:34,64,NC,12.7,45.1,142.0,32.3,56.4,0,0
PASS-20190413CHINC-391,RAW-20190413CHINC-1712,20190413CHINC,1,41:18,41:38,142,CHI,76.7,15.0,117.0,89.5,31.1,1,1
PASS-20190413CHINC-392,RAW-20190413CHINC-1720,20190413CHINC,1,41:20,41:40,117,CHI,89.5,31.1,42.0,89.5,31.1,0,0
PASS-20190413CHINC-393,RAW-20190413CHINC-1728,20190413CHINC,1,41:23,41:43,125,NC,12.5,29.5,152.0,21.1,24.3,1,0
PASS-20190413CHINC-394,RAW-20190413CHINC-1731,20190413CHINC,1,41:26,41:46,152,NC,34.7,20.4,54.0,40.4,24.3,1,0
PASS-20190413CHINC-395,RAW-20190413CHINC-1734,20190413CHINC,1,41:30,41:50,54,NC,47.4,27.0,244.0,82.4,47.9,1,0
PASS-20190413CHINC-396,RAW-20190413CHINC-1746,20190413CHINC,1,42:10,42:30,42,NC,105.0,0.0,152.0,87.7,9.0,1,0
PASS-20190413CHINC-397,RAW-20190413CHINC-1747,20190413CHINC,1,42:11,42:31,152,NC,87.7,9.0,140.0,78.8,30.6,1,0
PASS-20190413CHINC-398,RAW-20190413CHINC-1756,20190413CHINC,1,42:38,42:58,160,CHI,5.5,35.1,65.0,34.9,20.7,1,0
PASS-20190413CHINC-399,RAW-20190413CHINC-1758,20190413CHINC,1,42:42,43:02,65,CHI,34.9,20.7,34.0,59.6,8.3,1,0
PASS-20190413CHINC-400,RAW-20190413CHINC-1763,20190413CHINC,1,42:49,43:09,92,NC,34.3,58.6,64.0,28.2,50.8,1,0
PASS-20190413CHINC-401,RAW-20190413CHINC-1766,20190413CHINC,1,42:51,43:11,64,NC,30.7,47.8,146.0,58.0,46.2,1,0
PASS-20190413CHINC-402,RAW-20190413CHINC-1769,20190413CHINC,1,42:53,43:13,146,NC,58.0,46.2,45.0,76.4,34.0,0,0
PASS-20190413CHINC-403,RAW-20190413CHINC-1774,20190413CHINC,1,42:56,43:16,45,CHI,28.6,34.0,160.0,13.5,32.1,1,0
PASS-20190413CHINC-404,RAW-20190413CHINC-1776,20190413CHINC,1,42:58,43:18,160,CHI,13.5,32.1,64.0,59.1,21.8,0,0
PASS-20190413CHINC-405,RAW-20190413CHINC-1777,20190413CHINC,1,43:01,43:21,64,NC,45.9,46.2,45.0,72.2,34.9,0,0
PASS-20190413CHINC-406,RAW-20190413CHINC-1783,20190413CHINC,1,43:05,43:25,45,CHI,31.4,31.7,142.0,38.5,21.0,1,0
PASS-20190413CHINC-407,RAW-20190413CHINC-1786,20190413CHINC,1,43:08,43:28,142,CHI,39.8,19.8,92.0,48.8,18.2,0,0
PASS-20190413CHINC-408,RAW-20190413CHINC-1794,20190413CHINC,1,43:14,43:34,65,CHI,37.4,37.2,247.0,41.1,51.0,1,0
PASS-20190413CHINC-409,RAW-20190413CHINC-1797,20190413CHINC,1,43:16,43:36,247,CHI,44.5,53.3,161.0,58.1,62.6,1,0
PASS-20190413CHINC-410,RAW-20190413CHINC-1799,20190413CHINC,1,43:19,43:39,161,CHI,60.0,58.7,65.0,64.1,51.9,1,0
PASS-20190413CHINC-411,RAW-20190413CHINC-1809,20190413CHINC,1,43:24,43:44,65,CHI,72.8,51.3,140.0,92.9,68.0,0,0
PASS-20190413CHINC-412,RAW-20190413CHINC-1811,20190413CHINC,1,43:41,44:01,140,NC,12.1,0.0,254.0,24.9,20.2,1,0
PASS-20190413CHINC-413,RAW-20190413CHINC-1812,20190413CHINC,1,43:43,44:03,254,NC,24.9,20.2,169.0,33.9,14.8,1,0
PASS-20190413CHINC-414,RAW-20190413CHINC-1815,20190413CHINC,1,43:46,44:06,169,NC,32.7,9.7,140.0,21.3,4.2,1,0
PASS-20190413CHINC-415,RAW-20190413CHINC-1818,20190413CHINC,1,43:48,44:08,140,NC,28.6,5.7,169.0,33.1,11.6,1,0
PASS-20190413CHINC-416,RAW-20190413CHINC-1824,20190413CHINC,1,43:51,44:11,169,NC,31.1,16.7,64.0,16.4,35.5,1,0
PASS-20190413CHINC-417,RAW-20190413CHINC-1826,20190413CHINC,1,43:54,44:14,64,NC,18.8,36.3,92.0,29.5,54.4,1,0
PASS-20190413CHINC-418,RAW-20190413CHINC-1830,20190413CHINC,1,43:58,44:18,92,NC,36.2,55.3,54.0,72.1,58.4,1,0
PASS-20190413CHINC-419,RAW-20190413CHINC-1835,20190413CHINC,1,44:05,44:25,54,NC,76.9,46.2,244.0,91.0,23.3,1,0
PASS-20190413CHINC-420,RAW-20190413CHINC-1838,20190413CHINC,1,44:09,44:29,244,NC,85.2,28.4,169.0,87.3,33.8,1,0
PASS-20190413CHINC-421,RAW-20190413CHINC-1842,20190413CHINC,1,44:11,44:31,169,NC,89.8,34.6,54.0,89.4,42.8,1,0
PASS-20190413CHINC-422,RAW-20190413CHINC-1846,20190413CHINC,1,44:38,44:58,80,CHI,11.0,0.0,54.0,23.4,4.9,0,0
PASS-20190413CHINC-423,RAW-20190413CHINC-1853,20190413CHINC,1,44:43,45:03,222,CHI,26.1,24.1,117.0,36.5,16.5,1,0
PASS-20190413CHINC-424,RAW-20190413CHINC-1855,20190413CHINC,1,44:44,45:04,117,CHI,36.5,16.5,34.0,28.2,17.2,1,0
PASS-20190413CHINC-425,RAW-20190413CHINC-1859,20190413CHINC,1,44:48,45:08,65,CHI,27.4,19.5,80.0,61.0,0.6,1,0
PASS-20190413CHINC-426,RAW-20190413CHINC-1861,20190413CHINC,1,44:52,45:12,80,CHI,26.0,8.0,64.0,76.9,4.5,0,0
PASS-20190413CHINC-427,RAW-20190413CHINC-1862,20190413CHINC,1,44:57,45:17,64,NC,28.1,63.5,42.0,31.0,32.8,1,0
PASS-20190413CHINC-428,RAW-20190413CHINC-1867,20190413CHINC,1,45:04,45:24,42,NC,39.4,24.3,140.0,48.8,7.0,1,0
PASS-20190413CHINC-429,RAW-20190413CHINC-1870,20190413CHINC,1,45:08,45:28,140,NC,48.0,11.1,42.0,36.8,19.2,1,0
PASS-20190413CHINC-430,RAW-20190413CHINC-1873,20190413CHINC,1,45:11,45:31,42,NC,37.4,22.3,64.0,31.8,48.8,1,0
PASS-20190413CHINC-431,RAW-20190413CHINC-1875,20190413CHINC,1,45:14,45:34,64,NC,38.5,51.0,92.0,55.0,58.9,1,0
PASS-20190413CHINC-432,RAW-20190413CHINC-1879,20190413CHINC,1,45:17,45:37,92,NC,44.9,52.1,64.0,32.3,51.9,1,0
PASS-20190413CHINC-433,RAW-20190413CHINC-1882,20190413CHINC,1,45:21,45:41,64,NC,34.8,46.1,42.0,37.9,30.0,1,0
PASS-20190413CHINC-434,RAW-20190413CHINC-1885,20190413CHINC,1,45:26,45:46,42,NC,44.9,19.5,140.0,56.6,6.2,1,0
PASS-20190413CHINC-435,RAW-20190413CHINC-1887,20190413CHINC,1,45:28,45:48,140,NC,56.6,6.2,247.0,72.7,15.0,0,0
PASS-20190413CHINC-436,RAW-20190413CHINC-1890,20190413CHINC,1,45:31,45:51,247,CHI,36.9,50.7,64.0,68.8,41.7,0,0
PASS-20190413CHINC-437,RAW-20190413CHINC-1894,20190413CHINC,1,45:37,45:57,64,NC,37.5,31.1,92.0,45.0,53.8,1,0
PASS-20190413CHINC-438,RAW-20190413CHINC-1897,20190413CHINC,1,45:41,46:01,92,NC,48.3,56.4,254.0,48.6,46.2,1,0
PASS-20190413CHINC-439,RAW-20190413CHINC-1900,20190413CHINC,1,45:44,46:04,254,NC,45.2,49.3,64.0,35.4,38.3,1,0
PASS-20190413CHINC-440,RAW-20190413CHINC-1902,20190413CHINC,1,45:45,46:05,64,NC,35.4,38.3,42.0,34.8,22.7,1,0
PASS-20190413CHINC-441,RAW-20190413CHINC-1906,20190413CHINC,1,45:49,46:09,42,NC,40.3,20.4,140.0,56.6,3.9,1,0
PASS-20190413CHINC-442,RAW-20190413CHINC-1908,20190413CHINC,1,45:52,46:12,140,NC,58.7,2.5,80.0,93.6,67.8,0,0
PASS-20190413CHINC-443,RAW-20190413CHINC-1910,20190413CHINC,1,46:05,46:25,80,CHI,11.4,0.2,65.0,31.2,8.0,1,0
PASS-20190413CHINC-444,RAW-20190413CHINC-1929,20190413CHINC,1,47:24,47:44,42,NC,80.2,45.9,92.0,76.1,31.1,1,0
PASS-20190413CHINC-445,RAW-20190413CHINC-1934,20190413CHINC,1,47:55,48:15,160,CHI,5.6,32.8,65.0,47.5,19.9,1,0
PASS-20190413CHINC-446,RAW-20190413CHINC-1942,20190413CHINC,1,48:00,48:20,34,CHI,58.8,20.7,117.0,70.7,20.1,1,0
PASS-20190413CHINC-447,RAW-20190413CHINC-1952,20190413CHINC,1,48:03,48:23,117,CHI,66.5,16.4,254.0,58.5,19.8,0,0
PASS-20190413CHINC-448,RAW-20190413CHINC-1955,20190413CHINC,1,48:04,48:24,254,NC,46.5,48.2,80.0,58.0,56.3,0,0
PASS-20190413CHINC-449,RAW-20190413CHINC-1963,20190413CHINC,1,48:07,48:27,80,CHI,51.1,6.8,125.0,96.5,20.6,0,0
PASS-20190413CHINC-450,RAW-20190413CHINC-1965,20190413CHINC,1,48:12,48:32,125,NC,8.5,47.4,64.0,21.7,52.2,1,0
PASS-20190413CHINC-451,RAW-20190413CHINC-1970,20190413CHINC,1,48:16,48:36,64,NC,18.2,45.3,42.0,25.3,22.9,1,0
PASS-20190413CHINC-452,RAW-20190413CHINC-1973,20190413CHINC,1,48:20,48:40,42,NC,33.9,21.2,146.0,74.8,43.6,1,0
PASS-20190413CHINC-453,RAW-20190413CHINC-1979,20190413CHINC,1,48:24,48:44,146,NC,74.8,43.6,80.0,81.2,44.0,0,0
PASS-20190413CHINC-454,RAW-20190413CHINC-1988,20190413CHINC,1,48:27,48:47,146,NC,81.4,41.7,152.0,99.0,51.2,1,0
PASS-20190413CHINC-455,RAW-20190413CHINC-1992,20190413CHINC,1,48:29,48:49,152,NC,99.0,51.2,65.0,52.5,33.7,0,1
PASS-20190413CHINC-456,RAW-20190413CHINC-1994,20190413CHINC,2,45:00,45:14,65,CHI,52.5,34.3,140.0,92.2,68.0,0,0
PASS-20190413CHINC-457,RAW-20190413CHINC-1996,20190413CHINC,2,45:06,45:26,140,NC,12.8,0.0,146.0,24.1,5.9,1,0
PASS-20190413CHINC-458,RAW-20190413CHINC-2001,20190413CHINC,2,45:07,45:27,146,NC,24.4,5.9,65.0,30.7,7.0,0,0
PASS-20190413CHINC-459,RAW-20190413CHINC-2011,20190413CHINC,2,45:11,45:31,45,CHI,71.2,63.0,42.0,79.6,50.1,0,0
PASS-20190413CHINC-460,RAW-20190413CHINC-2016,20190413CHINC,2,45:13,45:33,42,NC,25.4,17.9,65.0,34.2,18.6,0,0
PASS-20190413CHINC-461,RAW-20190413CHINC-2025,20190413CHINC,2,45:16,45:36,65,CHI,72.9,42.4,117.0,92.4,42.9,1,0
PASS-20190413CHINC-462,RAW-20190413CHINC-2031,20190413CHINC,2,45:30,45:50,125,NC,5.2,33.0,64.0,17.9,50.9,1,0
PASS-20190413CHINC-463,RAW-20190413CHINC-2033,20190413CHINC,2,45:33,45:53,64,NC,18.7,51.4,142.0,36.1,61.4,0,0
PASS-20190413CHINC-464,RAW-20190413CHINC-2040,20190413CHINC,2,45:42,46:02,64,NC,8.2,64.1,125.0,8.4,35.4,1,0
PASS-20190413CHINC-465,RAW-20190413CHINC-2043,20190413CHINC,2,45:49,46:09,125,NC,14.5,36.5,64.0,26.9,54.9,1,0
PASS-20190413CHINC-466,RAW-20190413CHINC-2047,20190413CHINC,2,45:53,46:13,64,NC,28.6,56.0,92.0,43.7,66.0,1,0
PASS-20190413CHINC-467,RAW-20190413CHINC-2049,20190413CHINC,2,45:54,46:14,92,NC,43.7,66.0,64.0,29.2,58.4,1,0
PASS-20190413CHINC-468,RAW-20190413CHINC-2052,20190413CHINC,2,45:58,46:18,64,NC,27.9,56.8,125.0,19.5,38.0,1,0
PASS-20190413CHINC-469,RAW-20190413CHINC-2054,20190413CHINC,2,46:00,46:20,125,NC,19.5,38.0,64.0,30.5,53.4,1,0
PASS-20190413CHINC-470,RAW-20190413CHINC-2058,20190413CHINC,2,46:06,46:26,64,NC,45.8,57.3,92.0,56.9,67.6,1,0
PASS-20190413CHINC-471,RAW-20190413CHINC-2060,20190413CHINC,2,46:07,46:27,92,NC,56.9,67.6,146.0,58.8,60.1,1,0
PASS-20190413CHINC-472,RAW-20190413CHINC-2066,20190413CHINC,2,46:09,46:29,65,CHI,46.0,9.6,34.0,55.2,6.8,1,0
PASS-20190413CHINC-473,RAW-20190413CHINC-2074,20190413CHINC,2,46:14,46:34,64,NC,54.0,63.4,146.0,56.9,57.3,1,0
PASS-20190413CHINC-474,RAW-20190413CHINC-2077,20190413CHINC,2,46:20,46:40,146,NC,56.1,39.6,140.0,62.2,15.3,1,0
PASS-20190413CHINC-475,RAW-20190413CHINC-2086,20190413CHINC,2,46:33,46:53,160,CHI,11.1,33.5,247.0,19.1,62.8,1,0
PASS-20190413CHINC-476,RAW-20190413CHINC-2091,20190413CHINC,2,46:45,47:05,169,NC,78.1,0.0,146.0,95.8,9.2,1,0
PASS-20190413CHINC-477,RAW-20190413CHINC-2100,20190413CHINC,2,46:50,47:10,146,NC,103.7,11.8,80.0,80.4,68.0,0,0
PASS-20190413CHINC-478,RAW-20190413CHINC-2101,20190413CHINC,2,47:17,47:37,80,CHI,24.6,0.0,34.0,34.9,1.5,1,0
PASS-20190413CHINC-479,RAW-20190413CHINC-2102,20190413CHINC,2,47:18,47:38,34,CHI,34.9,1.5,80.0,27.7,0.9,1,0
PASS-20190413CHINC-480,RAW-20190413CHINC-2103,20190413CHINC,2,47:18,47:38,80,CHI,27.7,0.9,92.0,47.5,0.0,0,0
PASS-20190413CHINC-481,RAW-20190413CHINC-2105,20190413CHINC,2,47:33,47:53,92,NC,57.5,68.0,146.0,61.3,63.0,1,0
PASS-20190413CHINC-482,RAW-20190413CHINC-2106,20190413CHINC,2,47:34,47:54,146,NC,61.3,63.0,92.0,55.7,66.9,1,0
PASS-20190413CHINC-483,RAW-20190413CHINC-2109,20190413CHINC,2,47:35,47:55,92,NC,56.5,66.3,142.0,58.0,65.4,0,0
PASS-20190413CHINC-484,RAW-20190413CHINC-2115,20190413CHINC,2,47:38,47:58,92,NC,51.9,66.5,42.0,29.0,32.1,1,0
PASS-20190413CHINC-485,RAW-20190413CHINC-2119,20190413CHINC,2,47:44,48:04,42,NC,28.8,29.7,247.0,52.7,13.1,0,0
PASS-20190413CHINC-486,RAW-20190413CHINC-2132,20190413CHINC,2,47:48,48:08,161,CHI,57.8,47.7,222.0,52.5,47.2,1,0
PASS-20190413CHINC-487,RAW-20190413CHINC-2134,20190413CHINC,2,47:50,48:10,222,CHI,52.5,47.2,65.0,51.5,38.0,1,0
PASS-20190413CHINC-488,RAW-20190413CHINC-2137,20190413CHINC,2,47:52,48:12,65,CHI,53.8,38.3,140.0,91.6,68.0,0,0
PASS-20190413CHINC-489,RAW-20190413CHINC-2139,20190413CHINC,2,48:09,48:29,140,NC,13.4,0.0,146.0,23.9,2.2,1,0
PASS-20190413CHINC-490,RAW-20190413CHINC-2140,20190413CHINC,2,48:10,48:30,146,NC,23.9,2.2,140.0,32.1,9.0,1,0
PASS-20190413CHINC-491,RAW-20190413CHINC-2143,20190413CHINC,2,48:11,48:31,140,NC,19.1,5.5,65.0,32.1,9.0,0,0
PASS-20190413CHINC-492,RAW-20190413CHINC-2146,20190413CHINC,2,48:12,48:32,65,CHI,72.9,59.0,247.0,80.8,63.2,1,0
PASS-20190413CHINC-493,RAW-20190413CHINC-2150,20190413CHINC,2,48:14,48:34,247,CHI,78.3,63.8,45.0,67.6,63.8,1,0
PASS-20190413CHINC-494,RAW-20190413CHINC-2152,20190413CHINC,2,48:16,48:36,45,CHI,67.6,63.8,117.0,102.9,60.3,1,0
PASS-20190413CHINC-495,RAW-20190413CHINC-2154,20190413CHINC,2,48:23,48:43,117,CHI,102.1,63.2,161.0,96.2,64.5,1,0
PASS-20190413CHINC-496,RAW-20190413CHINC-2159,20190413CHINC,2,48:25,48:45,161,CHI,91.6,61.2,34.0,94.7,32.6,1,1
PASS-20190413CHINC-497,RAW-20190413CHINC-2169,20190413CHINC,2,48:32,48:52,92,NC,3.8,55.1,142.0,30.0,57.1,0,0
PASS-20190413CHINC-498,RAW-20190413CHINC-2173,20190413CHINC,2,48:33,48:53,142,CHI,75.0,10.9,65.0,85.1,21.9,1,0
PASS-20190413CHINC-499,RAW-20190413CHINC-2178,20190413CHINC,2,48:35,48:55,65,CHI,84.2,23.8,161.0,76.9,39.1,1,0
PASS-20190413CHINC-500,RAW-20190413CHINC-2179,20190413CHINC,2,48:38,48:58,161,CHI,76.9,39.1,65.0,82.3,46.8,1,0
PASS-20190413CHINC-501,RAW-20190413CHINC-2185,20190413CHINC,2,48:40,49:00,65,CHI,82.3,46.8,42.0,86.5,46.6,0,0
PASS-20190413CHINC-502,RAW-20190413CHINC-2192,20190413CHINC,2,48:54,49:14,42,NC,18.5,21.4,254.0,29.2,24.7,1,0
PASS-20190413CHINC-503,RAW-20190413CHINC-2194,20190413CHINC,2,48:55,49:15,254,NC,29.2,24.7,42.0,18.3,13.1,1,0
PASS-20190413CHINC-504,RAW-20190413CHINC-2197,20190413CHINC,2,49:02,49:22,42,NC,24.4,19.9,64.0,27.3,50.3,1,0
PASS-20190413CHINC-505,RAW-20190413CHINC-2200,20190413CHINC,2,49:06,49:26,64,NC,32.3,53.1,152.0,44.5,62.3,1,0
PASS-20190413CHINC-506,RAW-20190413CHINC-2202,20190413CHINC,2,49:10,49:30,152,NC,45.6,58.2,169.0,48.3,45.0,1,0
PASS-20190413CHINC-507,RAW-20190413CHINC-2210,20190413CHINC,2,49:14,49:34,169,NC,44.1,50.3,64.0,32.1,48.3,1,0
PASS-20190413CHINC-508,RAW-20190413CHINC-2213,20190413CHINC,2,49:17,49:37,64,NC,32.3,45.9,140.0,51.2,12.5,1,0
PASS-20190413CHINC-509,RAW-20190413CHINC-2216,20190413CHINC,2,49:20,49:40,140,NC,50.2,13.1,254.0,55.2,20.6,1,0
PASS-20190413CHINC-510,RAW-20190413CHINC-2223,20190413CHINC,2,49:33,49:53,42,NC,55.9,19.9,64.0,50.2,37.4,1,0
PASS-20190413CHINC-511,RAW-20190413CHINC-2225,20190413CHINC,2,49:37,49:57,64,NC,50.8,37.6,152.0,59.4,61.7,1,0
PASS-20190413CHINC-512,RAW-20190413CHINC-2229,20190413CHINC,2,49:43,50:03,152,NC,71.8,64.7,92.0,78.8,66.7,1,0
PASS-20190413CHINC-513,RAW-20190413CHINC-2236,20190413CHINC,2,49:57,50:17,92,NC,77.1,68.0,169.0,77.7,62.5,1,0
PASS-20190413CHINC-514,RAW-20190413CHINC-2240,20190413CHINC,2,49:59,50:19,169,NC,75.6,63.8,152.0,61.5,66.9,1,0
PASS-20190413CHINC-515,RAW-20190413CHINC-2250,20190413CHINC,2,50:05,50:25,152,NC,77.9,58.8,160.0,93.9,46.8,0,0
PASS-20190413CHINC-516,RAW-20190413CHINC-2254,20190413CHINC,2,50:36,50:56,160,CHI,11.1,21.2,161.0,55.4,15.1,1,0
PASS-20190413CHINC-517,RAW-20190413CHINC-2276,20190413CHINC,2,50:41,51:01,254,NC,47.7,45.0,64.0,39.7,49.6,1,0
PASS-20190413CHINC-518,RAW-20190413CHINC-2280,20190413CHINC,2,50:44,51:04,64,NC,41.6,50.9,244.0,66.8,52.3,1,0
PASS-20190413CHINC-519,RAW-20190413CHINC-2289,20190413CHINC,2,50:47,51:07,247,CHI,32.6,30.4,92.0,67.4,8.3,0,0
PASS-20190413CHINC-520,RAW-20190413CHINC-2293,20190413CHINC,2,50:51,51:11,92,NC,37.6,59.7,142.0,40.3,61.0,0,0
PASS-20190413CHINC-521,RAW-20190413CHINC-2319,20190413CHINC,2,51:07,51:27,64,NC,31.9,58.2,152.0,37.4,57.9,1,0
PASS-20190413CHINC-522,RAW-20190413CHINC-2327,20190413CHINC,2,51:12,51:32,152,NC,41.8,58.6,160.0,94.9,31.9,0,0
PASS-20190413CHINC-523,RAW-20190413CHINC-2333,20190413CHINC,2,51:26,51:46,160,CHI,15.3,32.6,117.0,70.3,30.8,1,0
PASS-20190413CHINC-524,RAW-20190413CHINC-2339,20190413CHINC,2,51:34,51:54,54,NC,31.7,1.7,140.0,28.8,10.7,1,0
PASS-20190413CHINC-525,RAW-20190413CHINC-2341,20190413CHINC,2,51:39,51:59,140,NC,28.8,10.7,254.0,40.5,31.7,1,0
PASS-20190413CHINC-526,RAW-20190413CHINC-2343,20190413CHINC,2,51:40,52:00,254,NC,45.8,21.2,34.0,40.5,31.7,0,0
PASS-20190413CHINC-527,RAW-20190413CHINC-2348,20190413CHINC,2,51:41,52:01,34,CHI,64.5,36.3,161.0,72.7,56.2,1,0
PASS-20190413CHINC-528,RAW-20190413CHINC-2356,20190413CHINC,2,51:48,52:08,161,CHI,75.2,60.3,247.0,58.0,59.5,1,0
PASS-20190413CHINC-529,RAW-20190413CHINC-2358,20190413CHINC,2,51:49,52:09,247,CHI,58.0,59.5,65.0,63.8,49.6,1,0
PASS-20190413CHINC-530,RAW-20190413CHINC-2367,20190413CHINC,2,51:55,52:15,65,CHI,78.5,56.6,161.0,100.4,61.0,1,0
PASS-20190413CHINC-531,RAW-20190413CHINC-2368,20190413CHINC,2,51:58,52:18,161,CHI,100.4,61.0,64.0,97.0,38.0,0,1
PASS-20190413CHINC-532,RAW-20190413CHINC-2374,20190413CHINC,2,51:59,52:19,64,NC,8.0,30.0,54.0,29.8,18.8,1,0
PASS-20190413CHINC-533,RAW-20190413CHINC-2379,20190413CHINC,2,52:04,52:24,54,NC,38.8,19.9,169.0,46.0,32.1,1,0
PASS-20190413CHINC-534,RAW-20190413CHINC-2390,20190413CHINC,2,52:09,52:29,54,NC,57.3,11.4,146.0,75.0,2.6,1,0
PASS-20190413CHINC-535,RAW-20190413CHINC-2399,20190413CHINC,2,52:21,52:41,247,CHI,2.7,59.3,65.0,27.9,49.0,1,0
PASS-20190413CHINC-536,RAW-20190413CHINC-2413,20190413CHINC,2,52:27,52:47,254,NC,86.1,18.4,146.0,92.8,11.2,1,0
PASS-20190413CHINC-537,RAW-20190413CHINC-2416,20190413CHINC,2,52:29,52:49,146,NC,96.2,9.6,45.0,94.9,23.8,0,0
PASS-20190413CHINC-538,RAW-20190413CHINC-2421,20190413CHINC,2,52:31,52:51,45,CHI,10.1,44.6,140.0,33.6,47.9,0,0
PASS-20190413CHINC-539,RAW-20190413CHINC-2423,20190413CHINC,2,52:33,52:53,140,NC,71.4,20.1,152.0,68.7,33.2,1,0
PASS-20190413CHINC-540,RAW-20190413CHINC-2428,20190413CHINC,2,52:38,52:58,152,NC,72.0,37.2,92.0,67.8,57.5,1,0
PASS-20190413CHINC-541,RAW-20190413CHINC-2432,20190413CHINC,2,52:41,53:01,92,NC,70.6,56.0,222.0,87.6,37.4,0,0
PASS-20190413CHINC-542,RAW-20190413CHINC-2434,20190413CHINC,2,52:42,53:02,222,CHI,17.4,30.6,152.0,46.8,20.1,0,0
PASS-20190413CHINC-543,RAW-20190413CHINC-2441,20190413CHINC,2,52:49,53:09,152,NC,54.2,48.1,64.0,46.0,46.4,1,0
PASS-20190413CHINC-544,RAW-20190413CHINC-2444,20190413CHINC,2,52:51,53:11,64,NC,47.0,43.9,140.0,60.3,13.8,1,0
PASS-20190413CHINC-545,RAW-20190413CHINC-2448,20190413CHINC,2,52:57,53:17,140,NC,73.7,16.2,169.0,81.5,28.6,1,0
PASS-20190413CHINC-546,RAW-20190413CHINC-2453,20190413CHINC,2,53:00,53:20,169,NC,82.9,24.7,247.0,87.6,22.3,0,0
PASS-20190413CHINC-547,RAW-20190413CHINC-2460,20190413CHINC,2,53:02,53:22,146,NC,89.2,27.1,247.0,92.4,24.3,0,0
PASS-20190413CHINC-548,RAW-20190413CHINC-2466,20190413CHINC,2,53:03,53:23,247,CHI,13.9,44.6,65.0,25.4,51.8,1,0
PASS-20190413CHINC-549,RAW-20190413CHINC-2471,20190413CHINC,2,53:08,53:28,65,CHI,23.9,61.9,42.0,35.7,63.4,0,0
PASS-20190413CHINC-550,RAW-20190413CHINC-2476,20190413CHINC,2,53:11,53:31,42,NC,69.3,11.4,64.0,49.3,20.8,1,0
PASS-20190413CHINC-551,RAW-20190413CHINC-2478,20190413CHINC,2,53:14,53:34,64,NC,47.5,26.0,92.0,53.1,45.3,1,0
PASS-20190413CHINC-552,RAW-20190413CHINC-2481,20190413CHINC,2,53:21,53:41,92,NC,57.3,52.5,169.0,73.5,49.9,1,0
PASS-20190413CHINC-553,RAW-20190413CHINC-2487,20190413CHINC,2,53:24,53:44,169,NC,73.3,44.8,160.0,99.3,34.3,0,0
PASS-20190413CHINC-554,RAW-20190413CHINC-2492,20190413CHINC,2,53:52,54:12,160,CHI,5.7,33.7,161.0,55.9,48.8,1,0
PASS-20190413CHINC-555,RAW-20190413CHINC-2494,20190413CHINC,2,53:57,54:17,161,CHI,50.2,50.9,247.0,50.4,47.4,1,0
PASS-20190413CHINC-556,RAW-20190413CHINC-2501,20190413CHINC,2,53:59,54:19,254,NC,50.2,20.1,54.0,53.1,17.3,1,0
PASS-20190413CHINC-557,RAW-20190413CHINC-2507,20190413CHINC,2,54:03,54:23,54,NC,71.4,17.7,146.0,86.1,6.3,1,0
PASS-20190413CHINC-558,RAW-20190413CHINC-2509,20190413CHINC,2,54:06,54:26,146,NC,89.2,5.2,163.0,94.1,31.0,0,1
PASS-20190413CHINC-559,RAW-20190413CHINC-2522,20190413CHINC,2,55:08,55:28,140,NC,58.8,12.0,42.0,39.9,13.3,1,0
PASS-20190413CHINC-560,RAW-20190413CHINC-2525,20190413CHINC,2,55:11,55:31,42,NC,40.3,19.2,64.0,39.7,43.5,1,0
PASS-20190413CHINC-561,RAW-20190413CHINC-2528,20190413CHINC,2,55:15,55:35,64,NC,47.2,40.0,146.0,73.1,19.0,1,0
PASS-20190413CHINC-562,RAW-20190413CHINC-2530,20190413CHINC,2,55:21,55:41,146,NC,72.7,25.8,163.0,86.1,31.5,0,0
PASS-20190413CHINC-563,RAW-20190413CHINC-2533,20190413CHINC,2,55:22,55:42,163,CHI,18.9,36.5,64.0,48.7,34.1,0,0
PASS-20190413CHINC-564,RAW-20190413CHINC-2538,20190413CHINC,2,55:25,55:45,64,NC,56.3,33.9,34.0,69.1,34.8,0,0
PASS-20190413CHINC-565,RAW-20190413CHINC-2544,20190413CHINC,2,55:27,55:47,34,CHI,36.5,34.3,117.0,47.9,38.9,1,0
PASS-20190413CHINC-566,RAW-20190413CHINC-2545,20190413CHINC,2,55:28,55:48,117,CHI,47.9,38.9,65.0,39.5,25.8,1,0
PASS-20190413CHINC-567,RAW-20190413CHINC-2553,20190413CHINC,2,55:37,55:57,254,NC,62.2,44.2,92.0,56.1,56.2,1,0
PASS-20190413CHINC-568,RAW-20190413CHINC-2556,20190413CHINC,2,55:41,56:01,92,NC,58.8,56.2,254.0,69.5,54.2,1,0
PASS-20190413CHINC-569,RAW-20190413CHINC-2559,20190413CHINC,2,55:43,56:03,254,NC,74.3,55.1,244.0,84.6,50.9,1,0
PASS-20190413CHINC-570,RAW-20190413CHINC-2562,20190413CHINC,2,55:46,56:06,244,NC,80.6,53.1,254.0,93.0,60.3,1,0
PASS-20190413CHINC-571,RAW-20190413CHINC-2567,20190413CHINC,2,55:48,56:08,254,NC,93.0,60.3,163.0,95.6,41.8,0,1
PASS-20190413CHINC-572,RAW-20190413CHINC-2573,20190413CHINC,2,55:55,56:15,142,CHI,28.1,11.2,42.0,54.6,33.7,0,0
PASS-20190413CHINC-573,RAW-20190413CHINC-2578,20190413CHINC,2,56:00,56:20,42,NC,50.8,31.3,140.0,71.2,13.3,1,0
PASS-20190413CHINC-574,RAW-20190413CHINC-2581,20190413CHINC,2,56:03,56:23,140,NC,72.2,13.1,54.0,98.1,7.9,1,0
PASS-20190413CHINC-575,RAW-20190413CHINC-2587,20190413CHINC,2,56:06,56:26,54,NC,98.1,7.9,142.0,96.0,53.8,0,1
PASS-20190413CHINC-576,RAW-20190413CHINC-2591,20190413CHINC,2,56:14,56:34,142,CHI,16.8,7.2,34.0,31.7,14.0,1,0
PASS-20190413CHINC-577,RAW-20190413CHINC-2592,20190413CHINC,2,56:16,56:36,34,CHI,31.7,14.0,80.0,18.1,16.2,1,0
PASS-20190413CHINC-578,RAW-20190413CHINC-2593,20190413CHINC,2,56:17,56:37,80,CHI,18.1,16.2,161.0,47.0,11.4,1,0
PASS-20190413CHINC-579,RAW-20190413CHINC-2594,20190413CHINC,2,56:20,56:40,161,CHI,47.0,11.4,142.0,34.4,2.6,1,0
PASS-20190413CHINC-580,RAW-20190413CHINC-2595,20190413CHINC,2,56:24,56:44,142,CHI,34.4,2.6,64.0,59.8,11.4,0,0
PASS-20190413CHINC-581,RAW-20190413CHINC-2598,20190413CHINC,2,56:26,56:46,64,NC,45.2,56.6,254.0,55.0,47.9,1,0
PASS-20190413CHINC-582,RAW-20190413CHINC-2602,20190413CHINC,2,56:29,56:49,254,NC,55.2,43.9,54.0,56.5,31.3,1,0
PASS-20190413CHINC-583,RAW-20190413CHINC-2605,20190413CHINC,2,56:31,56:51,54,NC,55.9,29.3,140.0,44.9,14.0,1,0
PASS-20190413CHINC-584,RAW-20190413CHINC-2609,20190413CHINC,2,56:38,56:58,140,NC,71.2,9.4,254.0,75.4,17.9,1,0
PASS-20190413CHINC-585,RAW-20190413CHINC-2622,20190413CHINC,2,57:10,57:30,160,CHI,29.4,49.4,125.0,96.2,39.8,0,0
PASS-20190413CHINC-586,RAW-20190413CHINC-2625,20190413CHINC,2,57:22,57:42,125,NC,10.1,31.5,64.0,17.9,39.6,1,0
PASS-20190413CHINC-587,RAW-20190413CHINC-2629,20190413CHINC,2,57:24,57:44,64,NC,23.1,43.7,92.0,34.4,61.4,1,0
PASS-20190413CHINC-588,RAW-20190413CHINC-2632,20190413CHINC,2,57:27,57:47,92,NC,36.8,63.0,244.0,92.0,58.2,1,0
PASS-20190413CHINC-589,RAW-20190413CHINC-2645,20190413CHINC,2,57:43,58:03,244,NC,91.6,56.0,92.0,81.3,60.1,1,0
PASS-20190413CHINC-590,RAW-20190413CHINC-2658,20190413CHINC,2,57:55,58:15,142,CHI,32.6,3.1,152.0,39.3,6.8,0,0
PASS-20190413CHINC-591,RAW-20190413CHINC-2673,20190413CHINC,2,58:33,58:53,160,CHI,8.4,38.9,161.0,58.8,46.4,1,0
PASS-20190413CHINC-592,RAW-20190413CHINC-2680,20190413CHINC,2,58:38,58:58,140,NC,29.8,23.4,161.0,39.1,25.1,0,0
PASS-20190413CHINC-593,RAW-20190413CHINC-2687,20190413CHINC,2,58:40,59:00,161,CHI,68.5,43.1,42.0,78.8,50.2,0,0
PASS-20190413CHINC-594,RAW-20190413CHINC-2694,20190413CHINC,2,58:53,59:13,42,NC,26.2,17.8,64.0,24.4,47.7,1,0
PASS-20190413CHINC-595,RAW-20190413CHINC-2696,20190413CHINC,2,58:55,59:15,64,NC,27.5,47.9,92.0,41.4,62.9,1,0
PASS-20190413CHINC-596,RAW-20190413CHINC-2700,20190413CHINC,2,58:59,59:19,92,NC,44.7,63.1,169.0,60.1,51.5,1,0
PASS-20190413CHINC-597,RAW-20190413CHINC-2708,20190413CHINC,2,59:05,59:25,169,NC,71.2,35.2,34.0,67.8,38.3,0,0
PASS-20190413CHINC-598,RAW-20190413CHINC-2710,20190413CHINC,2,59:06,59:26,34,CHI,37.2,29.7,65.0,35.5,31.8,1,0
PASS-20190413CHINC-599,RAW-20190413CHINC-2725,20190413CHINC,2,59:10,59:30,152,NC,73.9,41.1,244.0,96.2,50.0,1,0
PASS-20190413CHINC-600,RAW-20190413CHINC-2730,20190413CHINC,2,59:13,59:33,244,NC,100.2,49.8,247.0,96.6,34.5,0,0
PASS-20190413CHINC-601,RAW-20190413CHINC-2731,20190413CHINC,2,59:14,59:34,247,CHI,8.4,33.5,65.0,30.2,27.5,1,0
PASS-20190413CHINC-602,RAW-20190413CHINC-2739,20190413CHINC,2,59:22,59:42,65,CHI,48.7,35.2,161.0,52.3,49.6,1,0
PASS-20190413CHINC-603,RAW-20190413CHINC-2742,20190413CHINC,2,59:25,59:45,161,CHI,52.7,49.1,222.0,38.4,41.1,1,0
PASS-20190413CHINC-604,RAW-20190413CHINC-2744,20190413CHINC,2,59:27,59:47,222,CHI,40.5,43.2,247.0,38.2,60.8,1,0
PASS-20190413CHINC-605,RAW-20190413CHINC-2747,20190413CHINC,2,59:30,59:50,247,CHI,37.8,61.0,65.0,70.8,60.4,1,0
PASS-20190413CHINC-606,RAW-20190413CHINC-2750,20190413CHINC,2,59:34,59:54,65,CHI,64.7,59.7,247.0,45.4,64.2,1,0
PASS-20190413CHINC-607,RAW-20190413CHINC-2754,20190413CHINC,2,59:37,59:57,247,CHI,46.8,64.0,65.0,60.7,54.9,1,0
PASS-20190413CHINC-608,RAW-20190413CHINC-2758,20190413CHINC,2,59:42,60:02,65,CHI,58.6,47.7,142.0,57.3,11.2,1,0
PASS-20190413CHINC-609,RAW-20190413CHINC-2765,20190413CHINC,2,59:48,60:08,142,CHI,71.2,16.3,247.0,94.7,43.6,1,0
PASS-20190413CHINC-610,RAW-20190413CHINC-2773,20190413CHINC,2,60:10,60:30,64,NC,19.7,52.7,92.0,31.9,66.7,1,0
PASS-20190413CHINC-611,RAW-20190413CHINC-2774,20190413CHINC,2,60:11,60:31,92,NC,31.9,66.7,152.0,22.3,57.0,1,0
PASS-20190413CHINC-612,RAW-20190413CHINC-2778,20190413CHINC,2,60:14,60:34,64,NC,25.4,57.4,92.0,39.7,65.7,1,0
PASS-20190413CHINC-613,RAW-20190413CHINC-2780,20190413CHINC,2,60:17,60:37,92,NC,39.9,66.1,244.0,48.5,66.7,1,0
PASS-20190413CHINC-614,RAW-20190413CHINC-2784,20190413CHINC,2,60:19,60:39,244,NC,45.6,65.0,92.0,41.8,61.0,1,0
PASS-20190413CHINC-615,RAW-20190413CHINC-2786,20190413CHINC,2,60:22,60:42,92,NC,43.0,62.1,146.0,79.4,55.5,1,0
PASS-20190413CHINC-616,RAW-20190413CHINC-2800,20190413CHINC,2,60:58,61:18,42,NC,105.0,68.0,244.0,99.1,34.3,1,0
PASS-20190413CHINC-617,RAW-20190413CHINC-2812,20190413CHINC,2,61:06,61:26,146,NC,101.8,7.6,65.0,98.1,22.5,0,0
PASS-20190413CHINC-618,RAW-20190413CHINC-2819,20190413CHINC,2,61:09,61:29,254,NC,76.2,23.9,152.0,72.7,53.0,1,0
PASS-20190413CHINC-619,RAW-20190413CHINC-2822,20190413CHINC,2,61:13,61:33,152,NC,71.0,52.1,92.0,64.3,47.9,1,0
PASS-20190413CHINC-620,RAW-20190413CHINC-2831,20190413CHINC,2,61:23,61:43,92,NC,80.2,54.2,142.0,54.8,47.7,0,0
PASS-20190413CHINC-621,RAW-20190413CHINC-2834,20190413CHINC,2,62:00,62:20,254,NC,54.8,47.7,142.0,54.8,47.7,0,0
PASS-20190413CHINC-622,RAW-20190413CHINC-2844,20190413CHINC,2,62:03,62:23,169,NC,62.0,43.0,160.0,93.4,51.1,0,0
PASS-20190413CHINC-623,RAW-20190413CHINC-2853,20190413CHINC,2,62:28,62:48,160,CHI,13.7,31.8,161.0,62.4,45.3,1,0
PASS-20190413CHINC-624,RAW-20190413CHINC-2855,20190413CHINC,2,62:31,62:51,161,CHI,62.4,45.3,42.0,62.4,45.3,0,0
PASS-20190413CHINC-625,RAW-20190413CHINC-2865,20190413CHINC,2,62:38,62:58,92,NC,26.7,48.5,64.0,24.4,42.4,1,0
PASS-20190413CHINC-626,RAW-20190413CHINC-2868,20190413CHINC,2,62:41,63:01,64,NC,24.8,41.5,42.0,25.6,23.3,1,0
PASS-20190413CHINC-627,RAW-20190413CHINC-2871,20190413CHINC,2,62:44,63:04,42,NC,26.9,20.5,140.0,42.6,7.8,1,0
PASS-20190413CHINC-628,RAW-20190413CHINC-2873,20190413CHINC,2,62:46,63:06,140,NC,42.6,7.8,54.0,51.5,16.1,1,0
PASS-20190413CHINC-629,RAW-20190413CHINC-2879,20190413CHINC,2,62:50,63:10,54,NC,55.2,25.8,244.0,89.7,48.3,1,0
PASS-20190413CHINC-630,RAW-20190413CHINC-2887,20190413CHINC,2,62:55,63:15,244,NC,98.3,46.0,160.0,101.0,35.6,0,0
PASS-20190413CHINC-631,RAW-20190413CHINC-2890,20190413CHINC,2,63:11,63:31,160,CHI,14.1,28.0,34.0,57.8,21.0,1,0
PASS-20190413CHINC-632,RAW-20190413CHINC-2904,20190413CHINC,2,63:18,63:38,142,CHI,51.7,10.2,34.0,57.8,12.5,1,0
PASS-20190413CHINC-633,RAW-20190413CHINC-2905,20190413CHINC,2,63:19,63:39,34,CHI,57.8,12.5,222.0,50.4,21.0,1,0
PASS-20190413CHINC-634,RAW-20190413CHINC-2921,20190413CHINC,2,63:34,63:54,160,CHI,9.9,36.2,65.0,27.3,61.9,1,0
PASS-20190413CHINC-635,RAW-20190413CHINC-2925,20190413CHINC,2,63:40,64:00,65,CHI,37.0,62.3,42.0,66.8,47.0,0,0
PASS-20190413CHINC-636,RAW-20190413CHINC-2927,20190413CHINC,2,63:41,64:01,42,NC,38.2,21.0,65.0,54.8,17.6,0,0
PASS-20190413CHINC-637,RAW-20190413CHINC-2931,20190413CHINC,2,63:43,64:03,65,CHI,50.2,50.4,117.0,61.1,44.3,1,0
PASS-20190413CHINC-638,RAW-20190413CHINC-2934,20190413CHINC,2,63:43,64:03,117,CHI,61.1,44.3,42.0,72.0,46.4,0,0
PASS-20190413CHINC-639,RAW-20190413CHINC-2938,20190413CHINC,2,63:45,64:05,42,NC,33.0,21.6,64.0,26.7,39.4,1,0
PASS-20190413CHINC-640,RAW-20190413CHINC-2940,20190413CHINC,2,63:47,64:07,64,NC,26.7,39.4,92.0,48.5,58.3,1,0
PASS-20190413CHINC-641,RAW-20190413CHINC-2941,20190413CHINC,2,63:53,64:13,92,NC,48.5,58.3,80.0,45.8,62.5,0,0
PASS-20190413CHINC-642,RAW-20190413CHINC-2943,20190413CHINC,2,64:17,64:37,80,CHI,40.9,0.0,92.0,59.2,5.5,0,0
PASS-20190413CHINC-643,RAW-20190413CHINC-2946,20190413CHINC,2,64:23,64:43,92,NC,48.5,66.5,244.0,55.7,61.6,1,0
PASS-20190413CHINC-644,RAW-20190413CHINC-2947,20190413CHINC,2,64:25,64:45,244,NC,55.7,61.6,169.0,57.1,53.8,1,0
PASS-20190413CHINC-645,RAW-20190413CHINC-2953,20190413CHINC,2,64:26,64:46,169,NC,54.8,53.4,117.0,46.0,54.9,0,0
PASS-20190413CHINC-646,RAW-20190413CHINC-2964,20190413CHINC,2,64:31,64:51,254,NC,50.8,51.9,169.0,50.0,54.4,1,0
PASS-20190413CHINC-647,RAW-20190413CHINC-2966,20190413CHINC,2,64:33,64:53,169,NC,51.2,55.5,92.0,54.4,66.5,1,0
PASS-20190413CHINC-648,RAW-20190413CHINC-2970,20190413CHINC,2,64:36,64:56,92,NC,52.5,66.5,64.0,40.5,64.2,1,0
PASS-20190413CHINC-649,RAW-20190413CHINC-2973,20190413CHINC,2,64:39,64:59,64,NC,39.7,61.2,140.0,60.9,12.9,1,0
PASS-20190413CHINC-650,RAW-20190413CHINC-2982,20190413CHINC,2,64:54,65:44,146,NC,98.9,0.0,54.0,94.5,23.5,1,0
PASS-20190413CHINC-651,RAW-20190413CHINC-2999,20190413CHINC,2,65:50,66:10,117,CHI,51.7,34.1,152.0,59.6,21.0,0,0
PASS-20190413CHINC-652,RAW-20190413CHINC-3004,20190413CHINC,2,66:09,66:29,222,CHI,55.0,20.8,152.0,57.1,21.0,0,0
PASS-20190413CHINC-653,RAW-20190413CHINC-3009,20190413CHINC,2,66:11,66:31,142,CHI,48.9,15.5,117.0,70.3,32.4,1,0
PASS-20190413CHINC-654,RAW-20190413CHINC-3012,20190413CHINC,2,66:14,66:34,117,CHI,67.8,32.6,161.0,65.9,27.5,1,0
PASS-20190413CHINC-655,RAW-20190413CHINC-3015,20190413CHINC,2,66:19,66:39,161,CHI,69.1,19.3,247.0,73.9,52.7,1,0
PASS-20190413CHINC-656,RAW-20190413CHINC-3023,20190413CHINC,2,66:24,66:44,247,CHI,89.5,60.4,117.0,98.9,33.9,1,1
PASS-20190413CHINC-657,RAW-20190413CHINC-3031,20190413CHINC,2,66:59,67:19,34,CHI,105.0,68.0,254.0,98.3,24.1,0,0
PASS-20190413CHINC-658,RAW-20190413CHINC-3042,20190413CHINC,2,67:17,67:37,45,CHI,87.2,0.0,161.0,90.5,10.0,1,0
PASS-20190413CHINC-659,RAW-20190413CHINC-3045,20190413CHINC,2,67:20,67:40,161,CHI,90.5,6.6,45.0,91.3,0.8,1,0
PASS-20190413CHINC-660,RAW-20190413CHINC-3048,20190413CHINC,2,67:21,67:41,45,CHI,91.3,0.8,161.0,83.6,6.1,1,0
PASS-20190413CHINC-661,RAW-20190413CHINC-3051,20190413CHINC,2,67:27,67:47,161,CHI,79.6,2.8,142.0,86.7,5.7,1,0
PASS-20190413CHINC-662,RAW-20190413CHINC-3058,20190413CHINC,2,67:34,67:54,142,CHI,82.5,0.0,244.0,90.5,9.1,0,0
PASS-20190413CHINC-663,RAW-20190413CHINC-3065,20190413CHINC,2,67:37,67:57,142,CHI,84.2,4.9,64.0,90.9,29.4,0,1
PASS-20190413CHINC-664,RAW-20190413CHINC-3074,20190413CHINC,2,67:45,68:05,80,CHI,67.6,0.0,142.0,79.2,2.3,1,0
PASS-20190413CHINC-665,RAW-20190413CHINC-3076,20190413CHINC,2,67:49,68:09,142,CHI,77.7,5.1,161.0,83.6,10.2,1,0
PASS-20190413CHINC-666,RAW-20190413CHINC-3083,20190413CHINC,2,68:39,68:59,34,CHI,77.9,8.7,64.0,95.6,31.4,0,0
PASS-20190413CHINC-667,RAW-20190413CHINC-3094,20190413CHINC,2,68:48,69:08,117,CHI,79.0,43.0,163.0,84.6,46.8,1,0
PASS-20190413CHINC-668,RAW-20190413CHINC-3097,20190413CHINC,2,68:49,69:09,163,CHI,84.6,46.8,45.0,83.4,39.6,1,0
PASS-20190413CHINC-669,RAW-20190413CHINC-3099,20190413CHINC,2,68:50,69:10,45,CHI,83.4,39.6,117.0,78.5,41.9,1,0
PASS-20190413CHINC-670,RAW-20190413CHINC-3101,20190413CHINC,2,68:51,69:11,117,CHI,78.5,41.1,152.0,85.0,31.6,0,0
PASS-20190413CHINC-671,RAW-20190413CHINC-3106,20190413CHINC,2,68:53,69:13,152,NC,22.7,34.7,160.0,80.2,18.9,0,0
PASS-20190413CHINC-672,RAW-20190413CHINC-3112,20190413CHINC,2,69:01,69:21,160,CHI,28.1,55.3,140.0,91.1,61.2,0,0
PASS-20190413CHINC-673,RAW-20190413CHINC-3115,20190413CHINC,2,69:12,69:32,140,NC,19.1,7.2,152.0,33.2,16.7,1,0
PASS-20190413CHINC-674,RAW-20190413CHINC-3116,20190413CHINC,2,69:14,69:34,152,NC,33.2,16.7,140.0,24.6,4.0,1,0
PASS-20190413CHINC-675,RAW-20190413CHINC-3119,20190413CHINC,2,69:20,69:40,140,NC,38.8,2.3,45.0,76.7,9.5,0,0
PASS-20190413CHINC-676,RAW-20190413CHINC-3120,20190413CHINC,2,69:22,69:42,45,CHI,28.3,58.5,247.0,32.6,51.3,1,0
PASS-20190413CHINC-677,RAW-20190413CHINC-3122,20190413CHINC,2,69:25,69:45,247,CHI,32.6,51.3,152.0,41.6,44.3,0,0
PASS-20190413CHINC-678,RAW-20190413CHINC-3128,20190413CHINC,2,69:27,69:47,222,CHI,33.4,44.1,42.0,62.8,50.0,0,0
PASS-20190413CHINC-679,RAW-20190413CHINC-3130,20190413CHINC,2,69:30,69:50,42,NC,43.0,18.0,64.0,41.2,32.8,1,0
PASS-20190413CHINC-680,RAW-20190413CHINC-3134,20190413CHINC,2,69:33,69:53,64,NC,42.4,33.7,92.0,51.2,66.3,1,0
PASS-20190413CHINC-681,RAW-20190413CHINC-3136,20190413CHINC,2,69:37,69:57,92,NC,53.1,66.3,65.0,70.6,58.9,0,0
PASS-20190413CHINC-682,RAW-20190413CHINC-3139,20190413CHINC,2,69:38,69:58,65,CHI,34.4,9.1,92.0,39.1,0.0,0,0
PASS-20190413CHINC-683,RAW-20190413CHINC-3143,20190413CHINC,2,70:20,70:40,92,NC,65.9,68.0,64.0,47.0,60.5,1,0
PASS-20190413CHINC-684,RAW-20190413CHINC-3146,20190413CHINC,2,70:23,70:43,64,NC,47.0,59.4,42.0,34.4,34.4,1,0
PASS-20190413CHINC-685,RAW-20190413CHINC-3148,20190413CHINC,2,70:29,70:49,42,NC,48.1,23.9,169.0,66.6,17.1,1,0
PASS-20190413CHINC-686,RAW-20190413CHINC-3152,20190413CHINC,2,70:31,70:51,169,NC,66.4,16.7,42.0,49.3,14.8,1,0
PASS-20190413CHINC-687,RAW-20190413CHINC-3155,20190413CHINC,2,70:34,70:54,42,NC,50.6,10.7,140.0,65.3,3.0,1,0
PASS-20190413CHINC-688,RAW-20190413CHINC-3157,20190413CHINC,2,70:36,70:56,140,NC,66.4,3.0,188.0,83.6,2.8,1,0
PASS-20190413CHINC-689,RAW-20190413CHINC-3160,20190413CHINC,2,70:40,71:00,188,NC,86.1,2.4,54.0,85.7,10.5,1,0
PASS-20190413CHINC-690,RAW-20190413CHINC-3164,20190413CHINC,2,70:45,71:05,54,NC,83.8,23.5,65.0,84.0,25.9,0,0
PASS-20190413CHINC-691,RAW-20190413CHINC-3173,20190413CHINC,2,70:51,71:11,161,CHI,27.1,26.1,80.0,28.3,10.1,1,0
PASS-20190413CHINC-692,RAW-20190413CHINC-3175,20190413CHINC,2,70:57,71:17,80,CHI,39.9,3.6,142.0,53.3,19.2,1,0
PASS-20190413CHINC-693,RAW-20190413CHINC-3177,20190413CHINC,2,70:58,71:18,142,CHI,25.8,8.3,169.0,53.3,19.2,0,0
PASS-20190413CHINC-694,RAW-20190413CHINC-3182,20190413CHINC,2,71:03,71:23,152,NC,49.6,44.5,92.0,51.5,65.9,1,0
PASS-20190413CHINC-695,RAW-20190413CHINC-3184,20190413CHINC,2,71:08,71:28,92,NC,64.3,58.8,142.0,69.7,60.1,0,0
PASS-20190413CHINC-696,RAW-20190413CHINC-3191,20190413CHINC,2,71:11,71:31,80,CHI,18.1,7.5,142.0,34.4,1.9,1,0
PASS-20190413CHINC-697,RAW-20190413CHINC-3193,20190413CHINC,2,71:12,71:32,142,CHI,34.4,1.9,34.0,37.6,8.6,1,0
PASS-20190413CHINC-698,RAW-20190413CHINC-3196,20190413CHINC,2,71:14,71:34,34,CHI,37.6,8.6,117.0,50.4,19.7,1,0
PASS-20190413CHINC-699,RAW-20190413CHINC-3198,20190413CHINC,2,71:16,71:36,117,CHI,50.4,19.7,161.0,44.7,19.9,1,0
PASS-20190413CHINC-700,RAW-20190413CHINC-3200,20190413CHINC,2,71:18,71:38,161,CHI,41.2,19.9,247.0,30.2,52.0,1,0
PASS-20190413CHINC-701,RAW-20190413CHINC-3205,20190413CHINC,2,71:23,71:43,247,CHI,37.8,52.0,152.0,47.5,33.4,0,0
PASS-20190413CHINC-702,RAW-20190413CHINC-3212,20190413CHINC,2,72:09,72:29,152,NC,57.5,34.6,54.0,100.0,2.1,1,0
PASS-20190413CHINC-703,RAW-20190413CHINC-3218,20190413CHINC,2,72:19,72:39,54,NC,103.1,8.3,45.0,100.4,29.9,0,1
PASS-20190413CHINC-704,RAW-20190413CHINC-3230,20190413CHINC,2,72:24,72:44,65,CHI,16.2,40.6,169.0,37.4,43.2,0,0
PASS-20190413CHINC-705,RAW-20190413CHINC-3243,20190413CHINC,2,72:35,72:55,117,CHI,60.1,23.1,34.0,54.4,29.5,1,0
PASS-20190413CHINC-706,RAW-20190413CHINC-3246,20190413CHINC,2,72:37,72:57,34,CHI,56.5,30.4,42.0,73.1,35.7,0,0
PASS-20190413CHINC-707,RAW-20190413CHINC-3248,20190413CHINC,2,72:38,72:58,42,NC,31.9,32.3,152.0,35.1,35.9,1,0
PASS-20190413CHINC-708,RAW-20190413CHINC-3253,20190413CHINC,2,72:40,73:00,152,NC,35.3,38.5,83.0,50.4,45.1,1,0
PASS-20190413CHINC-709,RAW-20190413CHINC-3255,20190413CHINC,2,72:42,73:02,83,NC,50.4,45.1,163.0,59.4,44.1,0,0
PASS-20190413CHINC-710,RAW-20190413CHINC-3258,20190413CHINC,2,72:43,73:03,163,CHI,45.6,23.9,34.0,54.8,28.4,1,0
PASS-20190413CHINC-711,RAW-20190413CHINC-3262,20190413CHINC,2,72:45,73:05,34,CHI,50.4,30.4,65.0,50.6,38.5,1,0
PASS-20190413CHINC-712,RAW-20190413CHINC-3264,20190413CHINC,2,72:46,73:06,65,CHI,50.6,38.5,152.0,59.2,25.0,0,0
PASS-20190413CHINC-713,RAW-20190413CHINC-3269,20190413CHINC,2,72:47,73:07,152,NC,46.0,43.2,169.0,47.9,31.6,1,0
PASS-20190413CHINC-714,RAW-20190413CHINC-3271,20190413CHINC,2,72:50,73:10,169,NC,49.8,24.6,54.0,51.7,13.9,1,0
PASS-20190413CHINC-715,RAW-20190413CHINC-3274,20190413CHINC,2,72:51,73:11,54,NC,49.8,14.3,140.0,35.3,8.6,1,0
PASS-20190413CHINC-716,RAW-20190413CHINC-3278,20190413CHINC,2,72:55,73:15,140,NC,39.9,8.3,54.0,63.0,5.3,1,0
PASS-20190413CHINC-717,RAW-20190413CHINC-3281,20190413CHINC,2,73:00,73:20,54,NC,74.8,9.4,188.0,93.4,7.7,1,0
PASS-20190413CHINC-718,RAW-20190413CHINC-3289,20190413CHINC,2,73:26,73:46,42,NC,105.0,0.0,152.0,98.9,4.5,1,0
PASS-20190413CHINC-719,RAW-20190413CHINC-3293,20190413CHINC,2,73:27,73:47,152,NC,98.9,4.5,188.0,97.2,36.6,1,1
PASS-20190413CHINC-720,RAW-20190413CHINC-3305,20190413CHINC,2,74:05,74:25,42,NC,105.0,0.0,152.0,99.8,4.7,1,0
PASS-20190413CHINC-721,RAW-20190413CHINC-3311,20190413CHINC,2,74:06,74:26,152,NC,99.8,4.7,244.0,100.0,41.1,1,1
PASS-20190413CHINC-722,RAW-20190413CHINC-3325,20190413CHINC,2,74:30,74:50,42,NC,105.0,0.0,152.0,99.3,4.5,1,0
PASS-20190413CHINC-723,RAW-20190413CHINC-3326,20190413CHINC,2,74:31,74:51,152,NC,99.3,4.5,140.0,78.5,11.3,1,0
PASS-20190413CHINC-724,RAW-20190413CHINC-3334,20190413CHINC,2,74:34,74:54,140,NC,79.0,12.4,244.0,103.3,45.5,1,1
PASS-20190413CHINC-725,RAW-20190413CHINC-3343,20190413CHINC,2,74:39,74:59,64,NC,94.7,45.5,169.0,71.8,42.1,1,0
PASS-20190413CHINC-726,RAW-20190413CHINC-3347,20190413CHINC,2,74:42,75:02,169,NC,71.6,42.1,140.0,69.9,28.0,1,0
PASS-20190413CHINC-727,RAW-20190413CHINC-3350,20190413CHINC,2,74:46,75:06,140,NC,73.1,24.2,77.0,94.1,40.4,0,0
PASS-20190413CHINC-728,RAW-20190413CHINC-3355,20190413CHINC,2,74:52,75:12,169,NC,69.7,35.7,140.0,72.9,21.4,1,0
PASS-20190413CHINC-729,RAW-20190413CHINC-3362,20190413CHINC,2,74:56,75:16,140,NC,79.6,14.8,117.0,88.8,35.1,0,0
PASS-20190413CHINC-730,RAW-20190413CHINC-3390,20190413CHINC,2,75:30,75:50,42,NC,105.0,0.0,152.0,99.3,4.3,1,0
PASS-20190413CHINC-731,RAW-20190413CHINC-3393,20190413CHINC,2,75:31,75:51,152,NC,99.3,4.3,83.0,99.5,34.5,1,1
PASS-20190413CHINC-732,RAW-20190413CHINC-3411,20190413CHINC,2,75:38,75:58,45,CHI,12.4,30.7,54.0,17.4,26.4,0,0
PASS-20190413CHINC-733,RAW-20190413CHINC-3423,20190413CHINC,2,76:04,76:24,142,CHI,39.5,0.0,77.0,43.9,5.8,1,0
PASS-20190413CHINC-734,RAW-20190413CHINC-3424,20190413CHINC,2,76:05,76:25,77,CHI,43.9,5.8,142.0,40.5,1.3,1,0
PASS-20190413CHINC-735,RAW-20190413CHINC-3427,20190413CHINC,2,76:07,76:27,142,CHI,40.5,1.1,34.0,45.2,10.2,1,0
PASS-20190413CHINC-736,RAW-20190413CHINC-3431,20190413CHINC,2,76:09,76:29,34,CHI,49.1,10.4,77.0,55.9,3.6,1,0
PASS-20190413CHINC-737,RAW-20190413CHINC-3435,20190413CHINC,2,76:10,76:30,77,CHI,57.8,4.9,64.0,68.9,7.0,0,0
PASS-20190413CHINC-738,RAW-20190413CHINC-3439,20190413CHINC,2,76:14,76:34,64,NC,36.1,66.1,244.0,57.8,62.5,1,0
PASS-20190413CHINC-739,RAW-20190413CHINC-3440,20190413CHINC,2,76:16,76:36,244,NC,57.8,62.5,163.0,69.3,57.3,0,0
PASS-20190413CHINC-740,RAW-20190413CHINC-3445,20190413CHINC,2,76:18,76:38,163,CHI,37.0,8.1,152.0,60.9,18.5,0,0
PASS-20190413CHINC-741,RAW-20190413CHINC-3448,20190413CHINC,2,76:21,76:41,152,NC,44.1,49.5,188.0,68.0,52.9,1,0
PASS-20190413CHINC-742,RAW-20190413CHINC-3455,20190413CHINC,2,76:25,76:45,244,NC,74.3,54.1,83.0,74.3,30.5,1,0
PASS-20190413CHINC-743,RAW-20190413CHINC-3460,20190413CHINC,2,76:28,76:48,83,NC,74.3,30.5,188.0,82.3,30.7,1,0
PASS-20190413CHINC-744,RAW-20190413CHINC-3469,20190413CHINC,2,76:30,76:50,163,CHI,19.7,33.7,169.0,36.8,39.2,0,0
PASS-20190413CHINC-745,RAW-20190413CHINC-3475,20190413CHINC,2,76:33,76:53,169,NC,68.2,28.8,45.0,80.4,29.0,0,0
PASS-20190413CHINC-746,RAW-20190413CHINC-3477,20190413CHINC,2,76:34,76:54,45,CHI,24.6,39.0,117.0,51.9,29.4,1,0
PASS-20190413CHINC-747,RAW-20190413CHINC-3490,20190413CHINC,2,76:42,77:02,92,NC,53.8,53.5,152.0,56.1,46.7,1,0
PASS-20190413CHINC-748,RAW-20190413CHINC-3493,20190413CHINC,2,76:43,77:03,152,NC,56.1,46.7,64.0,41.8,45.8,1,0
PASS-20190413CHINC-749,RAW-20190413CHINC-3496,20190413CHINC,2,76:46,77:06,64,NC,39.1,40.7,42.0,40.1,17.1,1,0
PASS-20190413CHINC-750,RAW-20190413CHINC-3499,20190413CHINC,2,76:52,77:12,42,NC,67.0,16.6,188.0,78.1,24.5,1,0
PASS-20190413CHINC-751,RAW-20190413CHINC-3504,20190413CHINC,2,76:55,77:15,188,NC,77.7,33.5,65.0,83.6,35.4,0,0
PASS-20190413CHINC-752,RAW-20190413CHINC-3509,20190413CHINC,2,77:04,77:24,77,CHI,27.3,58.8,247.0,16.6,65.2,1,0
PASS-20190413CHINC-753,RAW-20190413CHINC-3510,20190413CHINC,2,77:07,77:27,247,CHI,16.6,65.2,169.0,34.9,60.5,0,0
PASS-20190413CHINC-754,RAW-20190413CHINC-3516,20190413CHINC,2,77:10,77:30,42,NC,67.6,18.5,152.0,62.2,27.1,1,0
PASS-20190413CHINC-755,RAW-20190413CHINC-3519,20190413CHINC,2,77:15,77:35,152,NC,67.6,34.3,169.0,70.6,20.9,1,0
PASS-20190413CHINC-756,RAW-20190413CHINC-3522,20190413CHINC,2,77:17,77:37,169,NC,70.6,19.2,83.0,79.0,12.4,1,0
PASS-20190413CHINC-757,RAW-20190413CHINC-3524,20190413CHINC,2,77:18,77:38,83,NC,79.0,12.4,140.0,83.2,1.1,1,0
PASS-20190413CHINC-758,RAW-20190413CHINC-3526,20190413CHINC,2,77:21,77:41,140,NC,85.5,2.3,188.0,103.5,7.5,1,0
PASS-20190413CHINC-759,RAW-20190413CHINC-3531,20190413CHINC,2,78:10,78:30,42,NC,105.0,0.0,64.0,91.8,35.6,1,0
PASS-20190413CHINC-760,RAW-20190413CHINC-3551,20190413CHINC,2,78:31,78:51,42,NC,105.0,0.0,64.0,92.6,35.2,1,0
PASS-20190413CHINC-761,RAW-20190413CHINC-3561,20190413CHINC,2,78:44,79:04,160,CHI,12.0,29.2,140.0,73.9,68.0,0,0
PASS-20190413CHINC-762,RAW-20190413CHINC-3562,20190413CHINC,2,79:04,79:24,140,NC,31.1,0.0,83.0,43.9,5.5,1,0
PASS-20190413CHINC-763,RAW-20190413CHINC-3566,20190413CHINC,2,79:07,79:27,83,NC,42.2,5.3,140.0,32.8,2.8,1,0
PASS-20190413CHINC-764,RAW-20190413CHINC-3568,20190413CHINC,2,79:08,79:28,140,NC,32.8,2.8,188.0,68.7,15.1,1,0
PASS-20190413CHINC-765,RAW-20190413CHINC-3577,20190413CHINC,2,79:39,79:59,160,CHI,32.6,49.0,42.0,96.6,55.0,0,0
PASS-20190413CHINC-766,RAW-20190413CHINC-3581,20190413CHINC,2,79:53,80:13,234,CHI,95.3,68.0,83.0,92.2,60.8,0,0
PASS-20190413CHINC-767,RAW-20190413CHINC-3588,20190413CHINC,2,79:57,80:17,34,CHI,78.3,65.4,77.0,87.2,64.7,1,0
PASS-20190413CHINC-768,RAW-20190413CHINC-3591,20190413CHINC,2,80:00,80:20,77,CHI,82.3,63.0,42.0,86.7,61.9,0,0
PASS-20190413CHINC-769,RAW-20190413CHINC-3593,20190413CHINC,2,80:02,80:22,42,NC,18.3,6.1,160.0,76.0,21.3,0,0
PASS-20190413CHINC-770,RAW-20190413CHINC-3599,20190413CHINC,2,80:07,80:27,160,CHI,29.0,46.3,222.0,39.5,40.8,1,0
PASS-20190413CHINC-771,RAW-20190413CHINC-3615,20190413CHINC,2,80:16,80:36,77,CHI,30.0,33.7,142.0,31.5,28.2,1,0
PASS-20190413CHINC-772,RAW-20190413CHINC-3617,20190413CHINC,2,80:18,80:38,142,CHI,31.5,28.2,64.0,55.0,28.5,0,0
PASS-20190413CHINC-773,RAW-20190413CHINC-3618,20190413CHINC,2,80:20,80:40,64,NC,50.0,39.5,54.0,66.2,35.8,1,0
PASS-20190413CHINC-774,RAW-20190413CHINC-3624,20190413CHINC,2,80:22,80:42,54,NC,63.8,35.4,169.0,67.2,42.4,1,0
PASS-20190413CHINC-775,RAW-20190413CHINC-3629,20190413CHINC,2,80:25,80:45,169,NC,68.0,48.4,92.0,70.3,62.1,1,0
PASS-20190413CHINC-776,RAW-20190413CHINC-3634,20190413CHINC,2,80:32,80:52,92,NC,92.0,50.2,80.0,94.9,45.8,0,0
PASS-20190413CHINC-777,RAW-20190413CHINC-3641,20190413CHINC,2,80:35,80:55,222,CHI,14.7,24.3,64.0,48.1,14.1,0,0
PASS-20190413CHINC-778,RAW-20190413CHINC-3648,20190413CHINC,2,80:40,81:00,142,CHI,33.4,2.2,117.0,74.8,9.1,1,0
PASS-20190413CHINC-779,RAW-20190413CHINC-3653,20190413CHINC,2,80:56,81:16,117,CHI,91.6,5.2,142.0,73.1,3.3,1,0
PASS-20190413CHINC-780,RAW-20190413CHINC-3656,20190413CHINC,2,80:58,81:18,142,CHI,72.9,3.9,77.0,74.6,15.9,1,0
PASS-20190413CHINC-781,RAW-20190413CHINC-3659,20190413CHINC,2,81:00,81:20,77,CHI,73.3,12.8,142.0,70.1,1.7,1,0
PASS-20190413CHINC-782,RAW-20190413CHINC-3662,20190413CHINC,2,81:02,81:22,142,CHI,71.6,2.2,117.0,79.8,0.7,1,0
PASS-20190413CHINC-783,RAW-20190413CHINC-3664,20190413CHINC,2,81:03,81:23,117,CHI,79.8,0.7,142.0,74.6,6.7,1,0
PASS-20190413CHINC-784,RAW-20190413CHINC-3668,20190413CHINC,2,81:04,81:24,142,CHI,74.8,8.5,77.0,71.0,15.0,1,0
PASS-20190413CHINC-785,RAW-20190413CHINC-3673,20190413CHINC,2,81:07,81:27,77,CHI,70.3,15.6,125.0,99.3,35.2,0,0
PASS-20190413CHINC-786,RAW-20190413CHINC-3677,20190413CHINC,2,81:44,82:04,125,NC,5.7,32.8,42.0,27.5,19.6,1,0
PASS-20190413CHINC-787,RAW-20190413CHINC-3678,20190413CHINC,2,81:48,82:08,42,NC,27.5,19.6,169.0,38.4,21.3,1,0
PASS-20190413CHINC-788,RAW-20190413CHINC-3682,20190413CHINC,2,81:51,82:11,169,NC,42.6,18.2,140.0,51.2,6.3,1,0
PASS-20190413CHINC-789,RAW-20190413CHINC-3683,20190413CHINC,2,81:53,82:13,140,NC,51.2,6.3,45.0,73.1,10.9,0,0
PASS-20190413CHINC-790,RAW-20190413CHINC-3688,20190413CHINC,2,81:55,82:15,45,CHI,33.4,57.1,140.0,45.2,53.0,0,0
PASS-20190413CHINC-791,RAW-20190413CHINC-3692,20190413CHINC,2,81:57,82:17,140,NC,59.6,17.8,152.0,58.4,33.0,1,0
PASS-20190413CHINC-792,RAW-20190413CHINC-3697,20190413CHINC,2,82:03,82:23,152,NC,73.7,37.6,244.0,86.9,33.2,1,0
PASS-20190413CHINC-793,RAW-20190413CHINC-3702,20190413CHINC,2,82:04,82:24,244,NC,87.4,32.2,188.0,91.6,27.4,1,0
PASS-20190413CHINC-794,RAW-20190413CHINC-3710,20190413CHINC,2,82:37,82:57,160,CHI,5.5,34.8,34.0,49.1,53.0,1,0
PASS-20190413CHINC-795,RAW-20190413CHINC-3718,20190413CHINC,2,82:50,83:10,45,CHI,45.4,68.0,234.0,57.1,63.9,1,0
PASS-20190413CHINC-796,RAW-20190413CHINC-3721,20190413CHINC,2,82:54,83:14,234,CHI,45.2,65.8,65.0,29.8,54.5,1,0
PASS-20190413CHINC-797,RAW-20190413CHINC-3723,20190413CHINC,2,82:55,83:15,65,CHI,29.8,54.5,64.0,76.4,46.7,0,0
PASS-20190413CHINC-798,RAW-20190413CHINC-3725,20190413CHINC,2,82:58,83:18,64,NC,28.6,21.3,77.0,33.6,16.3,0,0
PASS-20190413CHINC-799,RAW-20190413CHINC-3731,20190413CHINC,2,83:00,83:20,77,CHI,71.4,51.7,117.0,73.3,35.2,1,0
PASS-20190413CHINC-800,RAW-20190413CHINC-3740,20190413CHINC,2,83:04,83:24,117,CHI,79.6,26.5,142.0,93.4,13.5,1,0
PASS-20190413CHINC-801,RAW-20190413CHINC-3744,20190413CHINC,2,83:07,83:27,142,CHI,95.6,14.3,42.0,101.0,26.7,0,0
PASS-20190413CHINC-802,RAW-20190413CHINC-3749,20190413CHINC,2,83:11,83:31,92,NC,1.9,59.1,54.0,39.5,66.0,1,0
PASS-20190413CHINC-803,RAW-20190413CHINC-3755,20190413CHINC,2,83:30,83:50,64,NC,39.5,65.0,152.0,38.0,46.3,1,0
PASS-20190413CHINC-804,RAW-20190413CHINC-3759,20190413CHINC,2,83:38,83:58,152,NC,54.2,36.9,42.0,50.8,19.8,1,0
PASS-20190413CHINC-805,RAW-20190413CHINC-3762,20190413CHINC,2,83:41,84:01,42,NC,55.9,19.6,83.0,72.0,20.2,1,0
PASS-20190413CHINC-806,RAW-20190413CHINC-3766,20190413CHINC,2,83:43,84:03,83,NC,73.9,24.3,163.0,83.8,31.3,0,0
PASS-20190413CHINC-807,RAW-20190413CHINC-3770,20190413CHINC,2,83:57,84:17,140,NC,57.3,0.0,42.0,43.3,9.3,1,0
PASS-20190413CHINC-808,RAW-20190413CHINC-3773,20190413CHINC,2,84:02,84:22,42,NC,48.7,8.3,188.0,75.6,18.2,1,0
PASS-20190413CHINC-809,RAW-20190413CHINC-3777,20190413CHINC,2,84:04,84:24,188,NC,75.6,18.2,65.0,75.6,18.2,0,0
PASS-20190413CHINC-810,RAW-20190413CHINC-3782,20190413CHINC,2,84:06,84:26,45,CHI,21.0,52.8,188.0,30.9,48.0,0,0
PASS-20190413CHINC-811,RAW-20190413CHINC-3804,20190413CHINC,2,85:08,85:28,160,CHI,5.0,34.8,77.0,47.2,46.1,1,0
PASS-20190413CHINC-812,RAW-20190413CHINC-3811,20190413CHINC,2,85:19,85:39,140,NC,66.6,0.0,244.0,82.5,6.3,1,0
PASS-20190413CHINC-813,RAW-20190413CHINC-3815,20190413CHINC,2,85:28,85:48,45,CHI,20.6,68.0,140.0,36.8,63.4,0,0
PASS-20190413CHINC-814,RAW-20190413CHINC-3816,20190413CHINC,2,85:29,85:49,140,NC,68.2,4.6,77.0,75.2,16.1,0,0
PASS-20190413CHINC-815,RAW-20190413CHINC-3822,20190413CHINC,2,85:33,85:53,77,CHI,29.8,51.9,45.0,23.3,60.4,1,0
PASS-20190413CHINC-816,RAW-20190413CHINC-3826,20190413CHINC,2,85:34,85:54,45,CHI,23.3,60.4,65.0,17.4,56.5,1,0
PASS-20190413CHINC-817,RAW-20190413CHINC-3828,20190413CHINC,2,85:36,85:56,65,CHI,17.4,56.5,234.0,43.9,60.2,1,0
PASS-20190413CHINC-818,RAW-20190413CHINC-3839,20190413CHINC,2,86:02,86:22,42,NC,61.5,8.7,64.0,81.7,41.1,1,0
PASS-20190413CHINC-819,RAW-20190413CHINC-3841,20190413CHINC,2,86:06,86:26,64,NC,81.7,41.1,160.0,92.2,27.6,0,0
PASS-20190413CHINC-820,RAW-20190413CHINC-3848,20190413CHINC,2,86:27,86:47,160,CHI,12.8,40.4,117.0,58.8,46.5,1,0
PASS-20190413CHINC-821,RAW-20190413CHINC-3856,20190413CHINC,2,86:43,87:03,45,CHI,64.5,68.0,234.0,79.2,62.8,1,0
PASS-20190413CHINC-822,RAW-20190413CHINC-3870,20190413CHINC,2,86:50,87:10,234,CHI,100.2,57.4,125.0,100.4,38.7,0,0
PASS-20190413CHINC-823,RAW-20190413CHINC-3881,20190413CHINC,2,87:45,88:05,125,NC,12.0,22.8,42.0,21.6,11.3,1,0
PASS-20190413CHINC-824,RAW-20190413CHINC-3883,20190413CHINC,2,87:48,88:08,42,NC,20.4,19.1,125.0,9.4,33.2,1,0
PASS-20190413CHINC-825,RAW-20190413CHINC-3886,20190413CHINC,2,87:59,88:19,125,NC,24.1,23.5,188.0,72.7,33.2,1,0
PASS-20190413CHINC-826,RAW-20190413CHINC-3894,20190413CHINC,2,88:04,88:24,83,NC,78.3,40.8,65.0,82.1,30.8,0,0
PASS-20190413CHINC-827,RAW-20190413CHINC-3899,20190413CHINC,2,88:05,88:25,65,CHI,22.9,37.2,49.0,29.2,18.9,1,0
PASS-20190413CHINC-828,RAW-20190413CHINC-3903,20190413CHINC,2,88:06,88:26,49,CHI,29.2,18.9,152.0,39.9,27.4,0,0
PASS-20190413CHINC-829,RAW-20190413CHINC-3910,20190413CHINC,2,88:12,88:32,152,NC,65.1,53.4,92.0,64.7,65.4,1,0
PASS-20190413CHINC-830,RAW-20190413CHINC-3913,20190413CHINC,2,88:15,88:35,92,NC,60.3,66.3,152.0,56.1,58.9,1,0
PASS-20190413CHINC-831,RAW-20190413CHINC-3915,20190413CHINC,2,88:19,88:39,152,NC,57.1,55.6,169.0,66.4,46.1,1,0
PASS-20190413CHINC-832,RAW-20190413CHINC-3919,20190413CHINC,2,88:22,88:42,169,NC,65.3,45.4,42.0,50.4,28.5,1,0
PASS-20190413CHINC-833,RAW-20190413CHINC-3921,20190413CHINC,2,88:25,88:45,42,NC,51.0,28.5,140.0,74.8,2.2,1,0
PASS-20190413CHINC-834,RAW-20190413CHINC-3934,20190413CHINC,2,89:39,89:59,92,NC,80.0,12.2,160.0,99.1,33.7,0,0
PASS-20190413CHINC-835,RAW-20190413CHINC-3940,20190413CHINC,2,89:50,90:10,160,CHI,13.4,32.8,140.0,69.5,68.0,0,0
PASS-20190413CHINC-836,RAW-20190413CHINC-3942,20190413CHINC,2,90:01,90:21,140,NC,35.5,0.0,42.0,23.9,10.9,1,0
PASS-20190413CHINC-837,RAW-20190413CHINC-3945,20190413CHINC,2,90:05,90:25,42,NC,30.5,12.8,92.0,45.8,60.8,1,0
PASS-20190413CHINC-838,RAW-20190413CHINC-3948,20190413CHINC,2,90:12,90:32,92,NC,55.7,60.0,54.0,68.9,64.5,1,0
PASS-20190413CHINC-839,RAW-20190413CHINC-3953,20190413CHINC,2,90:17,90:37,54,NC,77.5,62.8,65.0,91.6,41.1,0,0
PASS-20190413CHINC-840,RAW-20190413CHINC-3956,20190413CHINC,2,90:18,90:38,65,CHI,13.4,26.9,77.0,35.3,21.5,1,0
PASS-20190413CHINC-841,RAW-20190413CHINC-3958,20190413CHINC,2,90:20,90:40,77,CHI,35.3,21.5,49.0,30.2,34.3,1,0
PASS-20190413CHINC-842,RAW-20190413CHINC-3971,20190413CHINC,2,91:05,91:25,42,NC,77.3,21.1,160.0,56.1,20.0,0,0
PASS-20190413CHINC-843,RAW-20190413CHINC-3973,20190413CHINC,2,91:32,91:52,160,CHI,4.8,36.5,152.0,48.9,48.0,0,0
PASS-20190413CHINC-844,RAW-20190413CHINC-3976,20190413CHINC,2,91:35,91:55,152,NC,56.1,20.0,188.0,70.6,25.0,1,0
PASS-20190413CHINC-845,RAW-20190413CHINC-3994,20190413CHINC,2,92:06,92:26,160,CHI,40.5,41.1,83.0,92.4,59.7,0,0
PASS-20190413CHINC-846,RAW-20190413CHINC-4000,20190413CHINC,2,92:10,92:30,234,CHI,89.9,59.3,117.0,97.0,31.3,1,1
PASS-20190413CHINC-847,RAW-20190413CHINC-4016,20190413CHINC,2,92:26,92:46,45,CHI,79.4,68.0,234.0,96.0,60.4,1,0
PASS-20190413CHINC-848,RAW-20190413CHINC-4025,20190413CHINC,2,92:33,92:53,234,CHI,99.8,59.7,77.0,89.5,51.1,1,0
PASS-20190413CHINC-849,RAW-20190413CHINC-4033,20190413CHINC,2,92:38,92:58,169,NC,19.5,13.5,45.0,4.0,19.3,0,0
PASS-20190413CHINC-850,RAW-20190413CHINC-4041,20190413CHINC,2,92:39,92:59,45,CHI,73.9,54.7,125.0,101.0,48.7,0,0
PASS-20190413CHINC-851,RAW-20190413CHINC-4045,20190413CHINC,2,92:57,93:17,125,NC,31.9,18.0,244.0,73.1,33.0,1,0
PASS-20190413CHINC-852,RAW-20190413CHINC-4052,20190413CHINC,2,93:02,93:22,152,NC,69.3,37.8,188.0,77.1,37.4,1,0
